A11,A15,A8,A3,A14,A2
-0.30522219437959536,-0.6586461035483832,-0.27417334499755885,-1.0182041919350011,0.1747788879381767,-0.051219568694752686
1.5310739344082143,0.8184955126837574,0.6121836663523432,-0.045143167220312204,-0.9228717101299236,2.3816311353810145
-0.6724814201371573,1.5148622746217664,-0.15038046631740493,-0.9091166331104845,0.7132489926508296,-0.6043785111085314
1.163814708650652,-0.6507328448899966,0.9637554418039803,-0.6822145107554898,-0.5293743259168311,-0.3133802049098138
-0.6724814201371573,-0.6586461035483832,-0.04639444822607567,0.20903084484081172,-0.3913050682982021,-0.9827636960456028
-0.6724814201371573,-0.6586461035483832,0.34479104840321073,-0.14550372133886758,1.2655260231253456,0.05801402972818943
-0.6724814201371573,1.972512400365117,2.1843532255902978,-0.7913020695800065,-0.08755270153721836,0.15326572755299525
-0.6724814201371573,1.972512400365117,-0.8733308778095038,1.509354546029051,-0.6674435835354601,-0.74244977951513
-0.6724814201371573,0.16960830269606714,1.0677414598953097,-0.9091166331104845,0.022902704557684818,2.010236900743011
-0.6724814201371573,1.972512400365117,0.6740801056924202,0.05412651130999801,-0.8607405442015407,0.968585306181835
-0.6724814201371573,-0.6586461035483832,0.1789085909718045,-0.8371188442863035,-0.3360773652507505,-0.8158547576553474
-0.6724814201371573,-0.13109552632261864,1.2534307779155405,-0.6178528510490249,0.5751797350322008,-0.13074162834665426
-0.6724814201371573,-0.6586461035483832,-0.3979662236777128,0.29084651395919925,-1.219720614009976,0.5971910715438319
-0.6724814201371573,1.972512400365117,-0.8733308778095038,0.2995735186651606,-1.219720614009976,1.4562040895418484
1.898333160165776,-0.6586461035483832,1.5827198352047498,1.2726345433798496,-1.219720614009976,1.2595836123805526
2.081962773044557,-0.6586461035483832,-0.7693448597181745,-0.05496104751451869,0.9893875078880876,0.45911980313723316
0.4292962571355284,-0.6586461035483832,-0.4177730842665374,-0.827300963992097,1.5140506868388777,-0.2766777158397051
2.081962773044557,-0.012396646446821624,0.6765559632660232,0.2635746242530701,-0.3913050682982021,-0.7136121095314735
-0.6724814201371573,-0.6586461035483832,-0.563848681109119,-0.9636604125227428,-1.219720614009976,-0.8377014773399359
1.898333160165776,-0.6586461035483832,-0.5217591023578667,0.8548291930819508,-0.5569881774405568,-1.0701505747839564
2.081962773044557,1.972512400365117,0.34479104840321073,1.4362658816166247,0.1609719621763138,-0.5606850717393546
-0.6724814201371573,-0.6586461035483832,-0.47966952360661436,-0.8000290742859678,0.8513182502694586,-0.7136121095314735
1.5310739344082143,1.972512400365117,2.1843532255902978,0.7271967492572661,-1.219720614009976,1.4273664195581919
-0.30522219437959536,-0.6296308218009661,0.6344663845147709,2.145335013975983,-0.3913050682982021,-0.3492088251925385
0.4292962571355284,-0.6586461035483832,-0.6455519810380206,0.39993407278371595,-0.21871849627491588,0.8523607574598248
0.06203703137796651,-0.6586461035483832,-0.15038046631740493,-0.8905717481103167,-0.5293743259168311,-1.3620227497700579
2.081962773044557,-0.6586461035483832,1.6644231351336514,1.8180723375024328,-1.219720614009976,1.3618262605044267
2.081962773044557,-0.6586461035483832,2.1843532255902978,2.582503405965234,-1.219720614009976,2.1989925588178547
0.4292962571355284,-0.6586461035483832,2.1843532255902978,0.8362843080817828,-1.219720614009976,2.272397536958072
1.5310739344082143,1.972512400365117,1.5827198352047498,-0.7913020695800065,2.2320108264557486,0.9318828171117263
1.163814708650652,-0.6586461035483832,1.6025266957935744,2.2086057980942027,-0.05993885001349257,-0.18929083710135136
2.081962773044557,-0.6586461035483832,2.1843532255902978,1.1177302098490356,-1.219720614009976,0.9248918668126582
2.081962773044557,1.972512400365117,2.1843532255902978,0.6366540754329172,-1.219720614009976,1.580293457350311
-0.6724814201371573,1.972512400365117,1.5827198352047498,0.09994328601629501,-1.219720614009976,0.4661107534363013
1.163814708650652,0.8184955126837574,-0.6876415597892729,1.327178322792108,-1.219720614009976,-0.7721613182861706
2.081962773044557,-0.5663247525338744,0.09720529104290289,-0.6909415154614511,1.776382276314273,-0.3133802049098138
2.081962773044557,1.2220717042614673,0.01550199111400129,-0.6723966304612833,2.6781471151359435,-0.36406459457805873
0.06203703137796651,0.794755736708598,-0.6455519810380206,1.5453534404411413,0.8513182502694586,-0.7354588292160619
0.06203703137796651,0.660230339516028,-0.7693448597181745,-0.8905717481103167,0.5751797350322008,-0.3203711552088819
2.081962773044557,0.1326797622902636,2.1843532255902978,1.035914540730648,-1.0126167275820326,2.0242188013411475
2.081962773044557,-0.07570271571391336,1.335134077844442,0.9824616369066351,-1.219720614009976,0.24065260629134894
2.081962773044557,1.972512400365117,1.7486022926361562,2.2544225728005,-1.219720614009976,-0.21812850708500794
-0.30522219437959536,-0.39487081493550086,-0.5217591023578667,-0.7094864004616189,0.43711047741357173,-0.15258834803124266
1.5310739344082143,-0.6586461035483832,2.1843532255902978,2.017702570151298,-0.7364782123447745,0.713415620265842
2.081962773044557,-0.6190798102564508,2.1843532255902978,2.582503405965234,-1.219720614009976,2.1850106582197184
2.081962773044557,0.09047571611220245,0.40668748774328767,0.4544778521959743,-1.219720614009976,2.002372081656559
2.081962773044557,1.972512400365117,-0.8312412990582515,-0.5731269519309731,1.9213549968138335,0.8375049880743045
0.4292962571355284,0.1326797622902636,2.0976982105141904,-0.045143167220312204,0.9272563419597046,0.04403212913005313
-0.6724814201371573,-0.6586461035483832,0.8399625631238263,-0.6822145107554898,0.271427368271217,0.8811984274434813
-0.6724814201371573,-0.6586461035483832,-0.8114344384694269,-0.8731177386983939,-0.5293743259168311,-0.6550629007767764
-0.6724814201371573,-0.6586461035483832,-0.4598626630177897,-0.9091166331104845,2.1698796605273656,-0.4951449126855893
-0.6724814201371573,-0.6586461035483832,-0.026587587637251022,-0.8000290742859678,0.7132489926508296,-0.47329819300100084
-0.6724814201371573,1.972512400365117,-0.8733308778095038,-0.5731269519309731,1.5416645383626035,0.5246599621909984
-0.6724814201371573,-0.13109552632261864,-0.8931377383983284,-0.4727663978124177,0.4302070145326403,0.3061927653451142
-0.6724814201371573,-0.6586461035483832,2.1843532255902978,-0.363678838987901,-1.219720614009976,0.2476435565904171
-0.6724814201371573,0.1326797622902636,-0.47966952360661436,1.518081550735012,-0.11516655306094416,-0.7066211592324053
-0.6724814201371573,-0.6586461035483832,-0.8510481596470761,-1.0182041919350011,-1.219720614009976,-0.7206030598305416
-0.6724814201371573,-0.6586461035483832,1.5827198352047498,-0.9091166331104845,0.9893875078880876,1.1285032942730222
-0.6724814201371573,-0.6586461035483832,1.9540984712452116,-0.03641616251435086,2.6781471151359435,0.32803948502970265
2.081962773044557,-0.6586461035483832,2.0778913499253657,-0.363678838987901,-0.6674435835354601,1.0341254652356002
0.7965554828930903,-0.6586461035483832,-0.27417334499755885,1.6544409992656581,0.1609719621763138,2.213848328203375
2.081962773044557,1.2669135033256573,0.5923768057635186,2.5085965848616234,0.5061451062228862,0.02218540944546471
0.06203703137796651,0.39645505090314587,-0.15038046631740493,-0.8458458489922648,-0.6674435835354601,-0.6987563401459532
-0.30522219437959536,-0.6586461035483832,-0.10829088756615263,-0.8360279686980583,-1.219720614009976,-0.9609169763610143
-0.30522219437959536,-0.6586461035483832,1.2311480597531128,-0.09095994192660921,-0.3913050682982021,-0.41474898424630374
-0.30522219437959536,1.972512400365117,-0.1305736057285803,-0.6822145107554898,2.3700800840743774,0.24065260629134894
2.081962773044557,0.54416921252636,0.09720529104290289,-0.8000290742859678,-1.219720614009976,0.40057059438253606
0.4292962571355284,1.972512400365117,-0.7693448597181745,-0.9363885228166137,0.5751797350322008,-0.5169916323701778
1.898333160165776,1.972512400365117,-0.1701873269062296,0.39993407278371595,-0.6674435835354601,-1.048303855099368
-0.30522219437959536,0.660230339516028,-0.08848402697732798,2.582503405965234,2.3355627696697203,0.32803948502970265
-0.6724814201371573,-0.6586461035483832,-0.10829088756615263,0.6181091904327494,1.6797337959812326,0.07986074941277785
-0.6724814201371573,-0.6586461035483832,2.1843532255902978,0.07267139631016584,2.6781471151359435,0.6260287415274884
-0.6724814201371573,-0.6586461035483832,2.1843532255902978,-0.9091166331104845,1.5416645383626035,1.121512343973954
-0.6724814201371573,-0.6533705977761255,-0.08848402697732798,0.5090216316082327,-0.11516655306094416,1.172196733642199
-0.30522219437959536,-0.6586461035483832,-0.7074484203780975,0.13594218042838555,-0.11516655306094416,-0.9390702566764259
-0.6724814201371573,-0.6586461035483832,-0.8312412990582515,0.39993407278371595,1.8385134422426561,0.23278778720489682
-0.6724814201371573,-0.6586461035483832,-0.6034624022867683,-0.8905717481103167,-0.11516655306094416,-1.0701505747839564
-0.30522219437959536,-0.6058910458258067,0.34479104840321073,-0.7640301798738772,0.022902704557684818,-0.8516833779380721
-0.6724814201371573,-0.6586461035483832,-0.7693448597181745,1.1090032051430745,-0.2532358106795731,-0.8665391473235925
-0.30522219437959536,-0.6586461035483832,-0.8931377383983284,2.582503405965234,-0.5707951032024198,1.587284407649379
-0.6724814201371573,-0.6586461035483832,0.09720529104290289,-0.6909415154614511,1.3207537261727973,-0.32736210550795003
-0.6724814201371573,-0.6586461035483832,-0.7693448597181745,-0.9091166331104845,0.7684766956982813,0.7352623399504306
-0.6724814201371573,-0.6586461035483832,-0.6678346992004482,-0.8818447434043553,0.1609719621763138,-0.36406459457805873
-0.6724814201371573,-0.6586461035483832,1.5827198352047498,-0.14550372133886758,0.7132489926508296,0.50281324250641
-0.6724814201371573,-0.6586461035483832,1.0875483204841343,-0.5360371819306373,0.07813040760513641,-0.5021358629846574
-0.6724814201371573,-0.6586461035483832,-0.3979662236777128,-0.03641616251435086,0.43711047741357173,0.22579683690582866
-0.6724814201371573,-0.5874267756229049,-0.8931377383983284,-0.6909415154614511,-0.5293743259168311,1.536600017981134
-0.6724814201371573,-0.6586461035483832,1.5827198352047498,1.7635285580901745,-0.4465327713456537,2.6482703491314155
-0.6724814201371573,-0.6586461035483832,-0.6455519810380206,2.3635101316250164,-0.3913050682982021,0.0003386897608762884
-0.6724814201371573,-0.39487081493550086,2.1843532255902978,-0.7182134051675803,0.1609719621763138,1.8275983241798517
-0.6724814201371573,-0.06515170416939807,-0.15038046631740493,-0.6909415154614511,-1.219720614009976,-0.23298427647052822
-0.6724814201371573,-0.6586461035483832,-0.6455519810380206,-0.24586427545742293,-0.03922846137069822,-0.2478400458560485
-0.6724814201371573,-0.6560083506622543,-0.8312412990582515,-0.8818447434043553,0.022902704557684818,-0.7354588292160619
-0.6724814201371573,-0.6586461035483832,0.5923768057635186,1.3817221022043662,0.6304074380796523,-0.7791522685852388
0.06203703137796651,0.660230339516028,-0.3979662236777128,-0.8000290742859678,-0.06684231289442402,-0.2548309961551166
-0.6724814201371573,0.39645505090314587,-0.7693448597181745,-0.6363977360491927,-0.08755270153721836,0.5316509124900666
-0.6724814201371573,-0.6586461035483832,1.0875483204841343,2.5816852492740496,-0.6674435835354601,0.33503043532877075
0.06203703137796651,-0.5584114938754878,-0.7074484203780975,0.07267139631016584,-1.219720614009976,-1.1138440141531332
0.06203703137796651,-0.6454573391177391,0.2209981697230568,1.5998972198533996,-0.3913050682982021,-0.5606850717393546
0.06203703137796651,-0.6586461035483832,1.9540984712452116,-0.14550372133886758,-0.7019608979401173,-0.3133802049098138
2.081962773044557,-0.31573822835163623,-0.8931377383983284,2.3635101316250164,-0.17039425610839576,2.046065521025736
-0.6724814201371573,-0.6586461035483832,-0.6455519810380206,-0.7640301798738772,0.7132489926508296,-0.23298427647052822
-0.6724814201371573,-0.6586461035483832,1.335134077844442,1.3817221022043662,-0.3913050682982021,-0.5606850717393546
-0.6724814201371573,-0.6586461035483832,2.1843532255902978,-0.527310177224676,-0.004711146966040977,0.8305140377752364
1.163814708650652,-0.6454573391177391,-0.499476384195439,-0.8545728536982261,-0.2532358106795731,-1.0194661851157114
0.4292962571355284,-0.6586461035483832,0.8399625631238263,-0.2545912801633843,1.0515186738164706,-0.19628178740041952
0.4292962571355284,-0.2708964292874462,-0.6455519810380206,-0.7913020695800065,0.022902704557684818,-0.6043785111085314
-0.6724814201371573,-0.6586461035483832,-0.4598626630177897,1.7089847786779164,0.5751797350322008,-0.5973875608094632
0.4292962571355284,-0.6586461035483832,-0.3979662236777128,-0.8545728536982261,0.2438135167474912,0.20395011722124023
0.4292962571355284,-0.10471799746133041,-0.2122769056574819,-0.7454852948737094,-0.2532358106795731,-0.9390702566764259
0.06203703137796651,-0.6586461035483832,-0.2543664844087342,-0.7727571845798386,0.1609719621763138,-0.5239825826692458
1.898333160165776,-0.6454573391177391,2.1843532255902978,0.5090216316082327,0.8513182502694586,0.553497632174655
2.081962773044557,1.972512400365117,2.1843532255902978,0.39993407278371595,-1.219720614009976,1.842454093565372
1.5310739344082143,1.972512400365117,2.1843532255902978,0.517748636314194,1.2655260231253456,2.3082261572407967
-0.30522219437959536,-0.526758459241942,-0.7272552809669222,1.2366356489677592,-0.6674435835354601,-0.9320793063773577
-0.30522219437959536,0.1326797622902636,-0.8733308778095038,0.3366632886654963,0.1609719621763138,0.7431271590368826
2.081962773044557,0.021894141072853066,-0.2939802055863835,1.7089847786779164,-0.2532358106795731,-0.5021358629846574
2.081962773044557,0.8369597828866592,-0.15038046631740493,1.7089847786779164,-0.3913050682982021,-0.582531791423943
0.4292962571355284,-0.6586461035483832,2.1843532255902978,0.4359329671958065,-1.219720614009976,1.114521393674886
1.163814708650652,-0.6586461035483832,2.1843532255902978,0.9453718669062995,-0.3913050682982021,-0.6917653898468851
1.5310739344082143,1.972512400365117,2.1843532255902978,0.07267139631016584,-1.219720614009976,0.3061927653451142
2.081962773044557,1.972512400365117,0.34479104840321073,-0.4727663978124177,1.610699167171918,1.4203754692591237
1.898333160165776,1.475295981329834,0.34479104840321073,1.3817221022043662,-0.5293743259168311,-0.7573055489006504
0.06203703137796651,0.9503831569901986,0.7161696844436725,-0.09095994192660921,0.671828215365241,0.26249932597593734
-0.6724814201371573,-0.6586461035483832,-0.47966952360661436,-0.2545912801633843,0.7132489926508296,-0.2618219464541848
-0.30522219437959536,-0.6586461035483832,2.1843532255902978,0.18175895513468254,-1.219720614009976,2.6482703491314155
-0.30522219437959536,-0.26298317062905974,0.2209981697230568,-0.6178528510490249,-0.5293743259168311,-0.9609169763610143
1.5310739344082143,1.972512400365117,2.1843532255902978,0.7271967492572661,1.3690779663393173,1.3985287495745353
1.5310739344082143,0.3094092056608947,0.34479104840321073,0.07267139631016584,-1.219720614009976,0.42241731406712446
2.081962773044557,1.972512400365117,1.8303055925650578,0.18175895513468254,1.596892241410055,0.1095722881838184
-0.6724814201371573,-0.6586461035483832,2.0778913499253657,0.39993407278371595,1.1964913943160311,1.4998975289110252
0.4292962571355284,1.972512400365117,-0.6455519810380206,-0.9003896284045232,0.1609719621763138,0.7431271590368826
1.5310739344082143,-0.6586461035483832,1.2113411991642882,-0.41822261840015934,0.1885858137000396,0.18909434783571996
1.5310739344082143,0.9240056281289104,-0.08848402697732798,1.0544594257308162,-0.943582098772718,-1.0998621135549969
0.06203703137796651,1.972512400365117,1.5827198352047498,1.9271598963269496,-1.219720614009976,-0.3929022645617153
2.081962773044557,-0.6586461035483832,-0.5836555416979436,-0.20004750075112593,0.029806167438616266,-0.014517079624643988
2.081962773044557,-0.00712114067456398,-0.8931377383983284,2.472597690449533,-1.219720614009976,2.192001608518787
2.081962773044557,0.3305112287499253,-0.026587587637251022,-0.9549334078167815,-0.5293743259168311,1.0122787455510118
-0.30522219437959536,0.07464919879542951,0.09720529104290289,1.3817221022043662,-0.6674435835354601,-0.794008037970759
2.081962773044557,1.522775533280153,1.624809413956002,-0.6549426210493605,1.534761075481672,-0.36406459457805873
1.5310739344082143,1.972512400365117,0.46858392708336466,-0.4727663978124177,-0.11516655306094416,0.12355418878195469
0.4292962571355284,0.8765260761785916,0.28289460906313374,-0.6909415154614511,-1.219720614009976,-0.7136121095314735
2.081962773044557,1.972512400365117,2.1843532255902978,0.6268361951387107,-1.219720614009976,0.7789557793196074
1.898333160165776,1.972512400365117,1.0875483204841343,0.39993407278371595,-1.219720614009976,-0.08005723867840925
2.081962773044557,1.972512400365117,1.8303055925650578,2.2544225728005,-1.219720614009976,1.8712917635490285
2.081962773044557,-0.6428195862316102,-0.6876415597892729,-0.9178436378164458,1.8178030535998617,1.3329885905207701
2.081962773044557,1.972512400365117,1.0875483204841343,1.1635469845553328,-1.219720614009976,2.351919596609974
2.081962773044557,-0.6586461035483832,1.2113411991642882,0.39993407278371595,-0.5776985660833512,0.5167951431045463
2.081962773044557,1.972512400365117,-0.35587664492646043,-0.4727663978124177,-0.805512841154089,-0.7284678789169938
0.4292962571355284,-0.6586461035483832,1.8303055925650578,-0.6909415154614511,-1.219720614009976,0.11656323848288655
2.081962773044557,-0.6586461035483832,-0.8931377383983284,1.490809661028883,-1.219720614009976,-0.8516833779380721
-0.30522219437959536,-0.6586461035483832,0.36459790899203537,-0.3549518342819396,-0.7364782123447745,-0.2548309961551166
2.081962773044557,1.972512400365117,-0.8931377383983284,2.2544225728005,-1.219720614009976,2.6482703491314155
0.06203703137796651,-0.6586461035483832,1.1692516204130359,-0.5818539566369344,0.029806167438616266,-0.2985244355242935
-0.30522219437959536,1.972512400365117,-0.8733308778095038,-1.0007501825230785,0.7132489926508296,0.23278778720489682
0.7965554828930903,1.972512400365117,-0.3979662236777128,-0.5818539566369344,-0.2532358106795731,-0.32736210550795003
0.06203703137796651,-0.6190798102564508,-0.026587587637251022,-0.5818539566369344,-1.219720614009976,1.0996656242893657
-0.30522219437959536,-0.6058910458258067,-0.06867716638850334,-0.645124740755154,1.5071472239579462,-0.5536941214402864
-0.6724814201371573,-0.6586461035483832,-0.8733308778095038,-0.6363977360491927,1.4933402981960835,0.05102307942912128
-0.6724814201371573,1.972512400365117,2.1843532255902978,2.5816852492740496,-1.0747478935104156,2.5485400737712696
-0.6724814201371573,1.549153062141441,-0.026587587637251022,1.1635469845553328,-1.019520190462964,0.8226492186887842
-0.6724814201371573,0.39645505090314587,-0.3979662236777128,1.0544594257308162,-0.805512841154089,-1.05616867418582
-0.6724814201371573,1.972512400365117,-0.8733308778095038,-0.9003896284045232,1.8178030535998617,0.07986074941277785
-0.6724814201371573,1.0268779906879344,2.1843532255902978,-0.30913505957564263,-0.5155674001549682,0.45911980313723316
-0.6724814201371573,-0.6586461035483832,-0.15038046631740493,-0.7727571845798386,1.7556718876714785,0.5316509124900666
-0.6724814201371573,-0.6586461035483832,-0.7693448597181745,-0.4640393931064563,1.33456065193466,-0.5536941214402864
-0.6724814201371573,-0.6586461035483832,2.1843532255902978,-1.0182041919350011,-1.219720614009976,0.8663426580579611
-0.6724814201371573,1.972512400365117,2.1843532255902978,1.7089847786779164,-1.0540375048676212,2.14830816914961
-0.6724814201371573,-0.6586461035483832,2.1843532255902978,1.9457047813271175,-1.219720614009976,1.6091311273339675
-0.6724814201371573,-0.6586461035483832,-0.23208376624630653,1.2726345433798496,-0.5293743259168311,-0.7642964991997185
-0.6724814201371573,1.972512400365117,-0.7074484203780975,-0.6909415154614511,0.5751797350322008,-0.3859113142626472
-0.6724814201371573,-0.6586461035483832,0.5923768057635186,1.7089847786779164,-1.081651356391347,-0.5606850717393546
-0.6724814201371573,-0.26298317062905974,-0.19247004506865725,0.8722832024938731,-0.11516655306094416,-0.4663072427019327
0.7965554828930903,0.765740454961181,-0.2939802055863835,0.9999156463185578,-0.805512841154089,-1.1356907338377216
2.081962773044557,-0.24188114754002918,0.07739843045407825,0.7642865192576017,-0.805512841154089,-0.9827636960456028
2.081962773044557,1.972512400365117,2.1843532255902978,-0.9549334078167815,-1.219720614009976,1.4203754692591237
0.7965554828930903,-0.6586461035483832,-0.6455519810380206,-0.5087652922245082,-0.6674435835354601,-0.8883858670081809
0.4292962571355284,-0.6428195862316102,-0.8114344384694269,-0.363678838987901,-0.5293743259168311,-0.9390702566764259
1.898333160165776,1.972512400365117,1.8303055925650578,2.582503405965234,-1.219720614009976,2.2426859981870315
1.898333160165776,1.972512400365117,0.38688062715446303,0.21775784954677307,-0.3291739023698191,-0.7861432188843069
2.081962773044557,1.972512400365117,2.1843532255902978,0.8362843080817828,0.029806167438616266,1.5147532982965455
-0.30522219437959536,0.660230339516028,0.8399625631238263,0.39993407278371595,-1.219720614009976,0.7501181093359508
1.898333160165776,1.972512400365117,1.5827198352047498,0.07267139631016584,-1.219720614009976,0.8008024990041958
1.163814708650652,1.972512400365117,0.34479104840321073,-0.7913020695800065,0.8513182502694586,-0.23997522676959634
0.06203703137796651,-0.6586461035483832,-0.08848402697732798,-0.009144272808221686,-1.219720614009976,0.1454009084665431
-0.6724814201371573,-0.6586461035483832,0.5923768057635186,1.2726345433798496,-1.219720614009976,-0.8813949167091127
-0.6724814201371573,-0.6586461035483832,1.6446162745448267,-0.9734782928169493,1.5416645383626035,0.9248918668126582
-0.6724814201371573,0.9240056281289104,0.34479104840321073,-0.8087560789919291,2.301045455265063,0.9030451471280697
1.5310739344082143,-0.6586461035483832,0.6344663845147709,-0.6723966304612833,-0.6674435835354601,-0.7642964991997185
1.898333160165776,-0.6586461035483832,2.1843532255902978,-0.13677671663290622,0.12645464777165655,0.2694902762750055
2.081962773044557,-0.6401818333454814,-0.15038046631740493,0.08139840101612719,-0.22562195915584735,-0.2766777158397051
0.4292962571355284,-0.6586461035483832,0.6740801056924202,-0.32767994457581046,1.4035952807439747,0.15326572755299525
2.081962773044557,1.4251786764933865,2.1843532255902978,0.6453810801388785,-1.219720614009976,1.4640689086283005
0.4292962571355284,0.8184955126837574,0.09720529104290289,-0.5731269519309731,1.33456065193466,-0.3352269245944022
2.081962773044557,0.38590403935863055,-0.8733308778095038,1.1722739892612941,-0.805512841154089,-0.7721613182861706
-0.30522219437959536,1.1297503532469586,-0.27417334499755885,-0.9091166331104845,-1.219720614009976,-0.6410810001786401
-0.6724814201371573,0.1326797622902636,0.2209981697230568,-0.8000290742859678,-1.219720614009976,0.8663426580579611
0.06203703137796651,-0.6586461035483832,-0.5415659629466913,1.2180907639675913,-0.881450932844335,-0.9320793063773577
-0.30522219437959536,1.972512400365117,-0.8510481596470761,-0.5545820669308053,-0.8745474699634035,0.4294082643661926
2.081962773044557,1.972512400365117,2.1843532255902978,1.5998972198533996,-1.219720614009976,0.34988620471429105
1.5310739344082143,-0.21550361867874096,1.9120088924939593,1.0184605313187258,1.4104987436249061,-0.23997522676959634
1.898333160165776,1.972512400365117,1.335134077844442,-0.4727663978124177,-0.18420118187025863,0.32803948502970265
2.081962773044557,1.972512400365117,2.1843532255902978,-0.09095994192660921,-0.41201545694099645,0.706424669966774
2.081962773044557,-0.6586461035483832,2.1843532255902978,0.2635746242530701,1.534761075481672,0.6915689005812536
-0.6724814201371573,-0.6586461035483832,1.8303055925650578,0.4272059624898451,-0.5293743259168311,-0.6192342804940517
2.081962773044557,1.972512400365117,2.1843532255902978,2.145335013975983,-1.219720614009976,2.5048466344020928
2.081962773044557,1.298566537959203,0.8399625631238263,1.490809661028883,-0.8331266926778148,-0.7284678789169938
-0.30522219437959536,-0.6586461035483832,1.7065127138849037,-0.42694962310612067,0.23691005386655972,-0.41474898424630374
-0.6724814201371573,-0.6586461035483832,0.8399625631238263,-0.2545912801633843,0.36807584860425724,1.4640689086283005
2.081962773044557,-0.6586461035483832,2.1843532255902978,-0.13677671663290622,0.9893875078880876,0.8523607574598248
1.163814708650652,1.972512400365117,1.5827198352047498,1.490809661028883,-1.219720614009976,2.1413172188505416
1.163814708650652,-0.6586461035483832,2.1843532255902978,1.0817313154369455,-1.219720614009976,1.9665434613738344
0.7965554828930903,0.660230339516028,-0.3979662236777128,0.9999156463185578,-0.6674435835354601,-1.0919972944685448
0.4292962571355284,-0.6586461035483832,0.24080503031188144,1.7177117833838775,-0.14278040458466995,1.6309778470185559
1.898333160165776,-0.6586461035483832,2.1843532255902978,1.3817221022043662,-1.067844430629484,2.6482703491314155
-0.6724814201371573,-0.6586461035483832,-0.2122769056574819,0.9453718669062995,-1.219720614009976,-1.209095711977939
-0.6724814201371573,-0.6586461035483832,-0.8510481596470761,1.0631864304367773,-0.5293743259168311,-1.0998621135549969
-0.6724814201371573,-0.6586461035483832,-0.8312412990582515,0.18175895513468254,0.35426892284239436,0.553497632174655
-0.6724814201371573,-0.6586461035483832,-0.7693448597181745,-0.14550372133886758,-0.11516655306094416,-0.7136121095314735
-0.6724814201371573,-0.6586461035483832,-0.6455519810380206,0.18175895513468254,-0.6674435835354601,-1.1654022726087623
-0.6724814201371573,-0.6586461035483832,0.3249841878143861,0.8275573033758216,-0.08755270153721836,-0.7791522685852388
0.06203703137796651,-0.6586461035483832,0.09720529104290289,-0.9363885228166137,-0.6674435835354601,-1.0264571354147796
-0.6724814201371573,-0.6586461035483832,-0.563848681109119,1.3817221022043662,-0.5293743259168311,-0.8158547576553474
1.898333160165776,1.972512400365117,-0.5836555416979436,-0.2545912801633843,-1.219720614009976,-0.5458293023538343
0.06203703137796651,1.972512400365117,2.1843532255902978,-0.363678838987901,2.363176621193446,1.3985287495745353
0.7965554828930903,1.6019081198640175,1.335134077844442,-0.6363977360491927,0.5268554948656806,0.1821033975366518
-0.6724814201371573,0.660230339516028,1.9540984712452116,1.981703675739208,2.1422658090036397,-0.32736210550795003
2.081962773044557,1.972512400365117,2.1843532255902978,2.582503405965234,-1.219720614009976,2.359784415696426
1.163814708650652,1.972512400365117,0.1392948697941552,-0.6178528510490249,0.29904121979494275,-0.9390702566764259
-0.6724814201371573,-0.6586461035483832,-0.8931377383983284,-0.9636604125227428,-1.219720614009976,-0.4584424236154806
-0.30522219437959536,1.972512400365117,-0.19247004506865725,0.6181091904327494,-0.6674435835354601,-0.8813949167091127
-0.6724814201371573,-0.6586461035483832,1.3747477990220913,-0.009144272808221686,-1.219720614009976,0.9974229761654916
1.5310739344082143,-0.14164653786713394,0.34479104840321073,1.190818874261462,2.3700800840743774,0.5902001212447637
-0.6724814201371573,-0.6586461035483832,0.34479104840321073,1.1635469845553328,-0.943582098772718,-0.9539260260619461
0.4292962571355284,-0.6217175631425796,-0.026587587637251022,2.582503405965234,-0.3913050682982021,1.4710598589273687
-0.6724814201371573,-0.6586461035483832,2.1843532255902978,0.07267139631016584,-0.7364782123447745,-0.2696867655406369
0.06203703137796651,0.1326797622902636,-0.15038046631740493,-0.5818539566369344,-0.3913050682982021,-1.1286997835386536
-0.30522219437959536,1.972512400365117,0.11701215163172754,-0.3549518342819396,0.022902704557684818,0.15326572755299525
-0.30522219437959536,1.972512400365117,2.1843532255902978,0.8362843080817828,-0.6122158804880085,1.1870525030277193
2.081962773044557,-0.3975085678216297,-0.7495379991293498,-0.9723874172287041,-0.6674435835354601,-1.0264571354147796
0.06203703137796651,0.512516177892814,1.458926956524596,1.7635285580901745,-0.7157678237019802,-0.6043785111085314
1.5310739344082143,-0.6586461035483832,-0.7495379991293498,1.3817221022043662,-0.38440160541727064,-0.8377014773399359
2.081962773044557,1.972512400365117,2.1843532255902978,2.582503405965234,-1.219720614009976,0.7719648290205392
1.5310739344082143,-0.6586461035483832,1.5827198352047498,0.07267139631016584,2.024906940027805,0.8742074771444132
2.081962773044557,1.972512400365117,-0.3979662236777128,1.3817221022043662,-1.219720614009976,-1.1872489922933507
-0.30522219437959536,-0.6586461035483832,-0.6653588416268452,1.4089939919104955,-0.5293743259168311,-0.7206030598305416
-0.6724814201371573,-0.6243553160287084,-0.35587664492646043,1.2180907639675913,0.9893875078880876,-1.1575374535223102
-0.6724814201371573,-0.6586461035483832,0.09720529104290289,1.3915399824985728,-0.28084966220329893,-0.997619465431123
-0.6724814201371573,-0.6586461035483832,-0.6455519810380206,-1.0182041919350011,-0.22562195915584735,-0.997619465431123
-0.6724814201371573,1.972512400365117,-0.8733308778095038,1.0631864304367773,0.1609719621763138,-0.9320793063773577
-0.6724814201371573,-0.6586461035483832,-0.8114344384694269,-0.6363977360491927,-0.30846351372702474,-0.6043785111085314
-0.6724814201371573,-0.6586461035483832,1.9540984712452116,-0.5087652922245082,0.7960905472220071,0.11656323848288655
-0.6724814201371573,-0.6586461035483832,-0.8931377383983284,-1.0182041919350011,-1.219720614009976,1.8136164235817154
-0.6724814201371573,-0.3421157572129244,-0.7272552809669222,-0.7269404098735416,-1.219720614009976,1.4640689086283005
-0.6724814201371573,-0.5742380111922608,-0.8931377383983284,1.2726345433798496,-0.15658733034653285,-0.9609169763610143
-0.6724814201371573,-0.6586461035483832,-0.8931377383983284,-0.8905717481103167,-0.21871849627491588,1.689527055773253
-0.6724814201371573,1.2458114802366267,-0.8733308778095038,-0.9996593069348334,-0.2532358106795731,-1.2527891513471159
-0.6724814201371573,-0.6586461035483832,-0.8931377383983284,-0.7542122995796707,-0.5293743259168311,-1.1435555529241739
-0.6724814201371573,-0.6586461035483832,-0.27417334499755885,0.29084651395919925,0.6580212896033781,0.05102307942912128
-0.6724814201371573,-0.6586461035483832,-0.8312412990582515,-0.6822145107554898,0.5751797350322008,2.469018014119368
-0.6724814201371573,-0.5531359881032303,-0.7891517203069992,-0.9822052975229106,0.1609719621763138,-1.1723932229078304
-0.6724814201371573,-0.6586461035483832,-0.27417334499755885,-0.4727663978124177,0.7132489926508296,0.07986074941277785
-0.6724814201371573,-0.6586461035483832,-0.8733308778095038,0.4544778521959743,-0.2532358106795731,-1.1654022726087623
-0.6724814201371573,-0.6586461035483832,-0.8312412990582515,1.190818874261462,-0.11516655306094416,0.5971910715438319
-0.6724814201371573,-0.6586461035483832,0.2209981697230568,-0.4727663978124177,1.1274567655067167,-0.06520146929288897
-0.6724814201371573,-0.6586461035483832,-0.625745120449196,0.22757572984097954,-0.3913050682982021,-1.1217088332395855
-0.6724814201371573,0.618026293337967,-0.7495379991293498,0.16321407013451472,-0.6674435835354601,-1.0701505747839564
-0.6724814201371573,-0.6586461035483832,-0.8114344384694269,1.1635469845553328,1.1274567655067167,-1.1575374535223102
-0.6724814201371573,-0.6586461035483832,-0.8510481596470761,-0.8360279686980583,0.1609719621763138,-1.3253202606999492
-0.6724814201371573,-0.12054451477810335,-0.7693448597181745,-0.827300963992097,0.7132489926508296,-0.895376817307249
-0.6724814201371573,-0.6560083506622543,-0.8312412990582515,-0.8905717481103167,0.43711047741357173,-0.6550629007767764
-0.6724814201371573,-0.6586461035483832,-0.7693448597181745,-0.045143167220312204,-0.6674435835354601,-1.201230892891487
-0.30522219437959536,-0.4001463207077585,-0.7693448597181745,-0.7454852948737094,-0.4741466228693795,-1.3034735410153608
0.06203703137796651,1.972512400365117,-0.8312412990582515,1.7362566683840455,-1.219720614009976,-0.7136121095314735
-0.30522219437959536,-0.6560083506622543,-0.8114344384694269,1.1635469845553328,-0.3913050682982021,-1.209095711977939
-0.30522219437959536,1.972512400365117,-0.7495379991293498,-0.8916626236985618,1.1274567655067167,-0.16744411741676293
-0.30522219437959536,-0.6560083506622543,-0.8114344384694269,-0.9276615181106523,0.1609719621763138,-1.0998621135549969
-0.6724814201371573,-0.6586461035483832,-0.8931377383983284,-0.6363977360491927,-0.11516655306094416,-0.844692427639004
-0.6724814201371573,-0.6586461035483832,-0.6455519810380206,-0.8545728536982261,0.9893875078880876,-0.7354588292160619
-0.30522219437959536,-0.6560083506622543,-0.3979662236777128,1.1635469845553328,-0.3913050682982021,-1.150546503223242
-0.30522219437959536,0.512516177892814,-0.8114344384694269,-0.9003896284045232,0.6580212896033781,-0.5239825826692458
0.06203703137796651,-0.6560083506622543,-0.8312412990582515,-0.4913112828125855,0.29904121979494275,0.3787238746979476
-0.30522219437959536,-0.3262892398961515,-0.8931377383983284,-0.945115527522575,-0.11516655306094416,-1.3401760300854697
0.06203703137796651,-0.6480950920038678,0.6121836663523432,-0.3364069492817718,0.1609719621763138,0.04403212913005313
-0.30522219437959536,-0.6428195862316102,1.0875483204841343,0.9453718669062995,-0.7364782123447745,2.6482703491314155
0.06203703137796651,-0.6586461035483832,-0.026587587637251022,-0.4727663978124177,2.6781471151359435,0.13141900786840682
-0.30522219437959536,-0.6032532929396779,-0.563848681109119,-0.41822261840015934,-0.6674435835354601,-1.318329310400881
0.06203703137796651,-0.20231485424809684,0.7582592631949248,1.6271691095595289,0.022902704557684818,-0.8079899385688953
-0.30522219437959536,-0.6322685746870949,2.1843532255902978,-0.5818539566369344,-1.219720614009976,2.2863794375562083
-0.6724814201371573,-0.6586461035483832,-0.7693448597181745,-0.9822052975229106,0.7132489926508296,-1.150546503223242
-0.6724814201371573,-0.6586461035483832,-0.6455519810380206,-0.8000290742859678,0.7132489926508296,-0.6987563401459532
-0.6724814201371573,-0.6586461035483832,-0.8510481596470761,-0.39095072869403014,-0.3913050682982021,-1.354157930683606
-0.6724814201371573,-0.6560083506622543,-0.15038046631740493,1.96315879073904,0.7132489926508296,-0.582531791423943
-0.6724814201371573,-0.6586461035483832,-0.8931377383983284,2.582503405965234,-1.219720614009976,1.5147532982965455
-0.6724814201371573,-0.5927022813951626,1.335134077844442,-0.41822261840015934,-0.11516655306094416,-0.6917653898468851
-0.6724814201371573,-0.6586461035483832,-0.6876415597892729,1.2268177686735524,-0.6674435835354601,-1.1217088332395855
-0.6724814201371573,-0.6586461035483832,-0.7693448597181745,-0.7367582901677481,-0.2532358106795731,-0.3203711552088819
-0.6724814201371573,-0.6058910458258067,-0.8931377383983284,-0.363678838987901,-0.11516655306094416,0.029176359744532858
-0.6724814201371573,-0.6428195862316102,-0.3979662236777128,-0.03641616251435086,1.2655260231253456,-0.5755408411248748
-0.6724814201371573,-0.6428195862316102,0.2630877484743091,-0.6363977360491927,-0.4465327713456537,-1.0850063441694766
-0.6724814201371573,-0.6560083506622543,-0.8312412990582515,-0.9723874172287041,0.1609719621763138,-1.318329310400881
-0.6724814201371573,-0.5478604823309726,-0.6876415597892729,1.1635469845553328,-0.6674435835354601,-1.1217088332395855
-0.6724814201371573,-0.6586461035483832,-0.7693448597181745,-1.0182041919350011,-0.805512841154089,-1.3253202606999492
-0.6724814201371573,-0.6586461035483832,-0.6455519810380206,-0.8545728536982261,0.9893875078880876,-0.7354588292160619
-0.6724814201371573,-0.12054451477810335,-0.7693448597181745,-0.9636604125227428,0.7132489926508296,-0.895376817307249
-0.6724814201371573,1.972512400365117,-0.8931377383983284,2.582503405965234,1.8868376824091762,-1.2160866622770072
-0.6724814201371573,-0.6560083506622543,-0.8931377383983284,-1.0182041919350011,2.2320108264557486,-1.0701505747839564
-0.6724814201371573,-0.3605800274158262,-0.15038046631740493,-0.990932302228872,0.38188277436612017,0.4661107534363013
-0.6724814201371573,-0.6375440804593525,-0.15038046631740493,-0.6909415154614511,-0.18420118187025863,-0.8883858670081809
-0.6724814201371573,-0.6586461035483832,2.1843532255902978,-0.9363885228166137,0.8513182502694586,-1.1654022726087623
-0.6724814201371573,-0.542584976558715,-0.7074484203780975,-0.9363885228166137,0.8513182502694586,0.19695916692217208
2.081962773044557,1.972512400365117,-0.7693448597181745,-0.9734782928169493,1.4035952807439747,1.4998975289110252
-0.6724814201371573,-0.6586461035483832,-0.31626292374881115,-0.7454852948737094,-0.3913050682982021,0.19695916692217208
-0.6724814201371573,-0.6243553160287084,-0.3979662236777128,-0.7814841892858,0.7132489926508296,-0.16744411741676293
-0.6724814201371573,-0.1864883369313239,-0.8733308778095038,-0.7814841892858,-0.046131924251629666,-0.10889490866206582
-0.6724814201371573,-0.6586461035483832,-0.6455519810380206,-0.2545912801633843,2.6781471151359435,0.8226492186887842
-0.6724814201371573,-0.6586461035483832,0.5923768057635186,-0.4727663978124177,0.1609719621763138,0.29832794625866205
-0.6724814201371573,-0.6533705977761255,0.34479104840321073,-0.4727663978124177,-1.219720614009976,0.16025667785206338
-0.6724814201371573,-0.616442057370322,-0.3979662236777128,-0.4727663978124177,1.9558723112184906,0.23278778720489682
-0.6724814201371573,1.972512400365117,-0.3979662236777128,1.7089847786779164,0.022902704557684818,-0.5388383520547662
-0.6724814201371573,-0.6586461035483832,-0.6455519810380206,-0.4727663978124177,1.1826844685541682,0.29133699595959395
-0.6724814201371573,0.00342987086995131,-0.8114344384694269,-0.8545728536982261,0.29904121979494275,-0.32736210550795003
-0.6724814201371573,-0.05723844551101161,-0.3979662236777128,0.39993407278371595,-1.219720614009976,1.3906639304880832
-0.6724814201371573,-0.6586461035483832,-0.6455519810380206,-0.7454852948737094,-0.11516655306094416,0.29832794625866205
-0.6724814201371573,-0.6586461035483832,0.09720529104290289,-0.363678838987901,0.022902704557684818,0.16025667785206338
-0.6724814201371573,-0.48191666017775203,-0.5217591023578667,-0.363678838987901,0.8513182502694586,-0.2985244355242935
-0.6724814201371573,-0.6586461035483832,0.5923768057635186,-0.14550372133886758,2.0939415688371197,0.6697221808966652
-0.6724814201371573,-0.39487081493550086,-0.8733308778095038,-0.12695883633869973,-0.4741466228693795,0.9904320258664234
-0.6724814201371573,1.972512400365117,-0.6455519810380206,-0.527310177224676,2.6781471151359435,-0.3929022645617153
-0.6724814201371573,-0.6586461035483832,-0.8931377383983284,-0.41822261840015934,0.022902704557684818,0.20395011722124023
-0.6724814201371573,-0.6533705977761255,-0.6455519810380206,-0.6363977360491927,0.8513182502694586,0.6557402802985289
-0.6724814201371573,-0.6269930689148373,-0.8931377383983284,0.5090216316082327,-1.219720614009976,2.6482703491314155
-0.6724814201371573,-0.3368402514406668,-0.7693448597181745,-0.6909415154614511,1.348367577696523,0.07286979911370971
-0.6724814201371573,1.972512400365117,0.34479104840321073,-0.03641616251435086,0.1609719621763138,-0.4077580339472356
0.4292962571355284,-0.6586461035483832,-0.6034624022867683,-0.9003896284045232,0.022902704557684818,2.6482703491314155
-0.30522219437959536,-0.6507328448899966,0.2209981697230568,-0.6909415154614511,-0.5293743259168311,-0.3133802049098138
-0.6724814201371573,-0.6560083506622543,-0.8931377383983284,-0.5818539566369344,0.6856351411271039,-0.4584424236154806
-0.6724814201371573,-0.6586461035483832,-0.8931377383983284,-0.8905717481103167,-0.5293743259168311,-0.8079899385688953
-0.6724814201371573,1.972512400365117,-0.15038046631740493,1.490809661028883,-1.219720614009976,-0.7791522685852388
-0.6724814201371573,-0.6586461035483832,-0.6034624022867683,-0.6723966304612833,-1.219720614009976,-0.058210518993820834
-0.6724814201371573,-0.6586461035483832,-0.7693448597181745,-0.5818539566369344,0.3059446826758742,0.45911980313723316
0.06203703137796651,-0.6560083506622543,-0.3979662236777128,-0.9822052975229106,0.9893875078880876,-1.3471669803845379
-0.6724814201371573,-0.6586461035483832,-0.8114344384694269,-0.7269404098735416,-0.05993885001349257,0.8523607574598248
-0.6724814201371573,-0.6586461035483832,-0.8733308778095038,-0.9822052975229106,1.4035952807439747,-1.0413129048002998
-0.6724814201371573,-0.6586461035483832,-0.8114344384694269,-0.363678838987901,-0.3913050682982021,0.08772556849922998
-0.6724814201371573,-0.6586461035483832,-0.8931377383983284,0.009400612191946147,-0.11516655306094416,0.4661107534363013
-0.6724814201371573,-0.6586461035483832,1.8303055925650578,0.18175895513468254,-0.5293743259168311,-0.10190395836299768
-0.6724814201371573,1.972512400365117,-0.8510481596470761,-0.4727663978124177,-0.5293743259168311,-0.7284678789169938
-0.6724814201371573,-0.6586461035483832,-0.8931377383983284,-0.9003896284045232,-0.5293743259168311,-0.40076708364816743
-0.6724814201371573,-0.6586461035483832,-0.7495379991293498,-0.945115527522575,0.1609719621763138,-1.2667710519452522
0.06203703137796651,1.972512400365117,-0.8114344384694269,-0.5818539566369344,0.9893875078880876,-0.6113694614075995
-0.30522219437959536,-0.363217780301955,2.1843532255902978,-0.7454852948737094,1.210298320077894,0.9974229761654916
-0.6724814201371573,1.972512400365117,-0.8114344384694269,0.3268454083712898,0.29904121979494275,-0.7573055489006504
-0.6724814201371573,-0.6586461035483832,-0.8114344384694269,-0.645124740755154,1.5416645383626035,0.6994337196677058
-0.6724814201371573,-0.616442057370322,0.5923768057635186,1.490809661028883,-1.081651356391347,-0.6847744395478169
-0.6724814201371573,-0.6533705977761255,-0.5217591023578667,-0.8545728536982261,-0.30846351372702474,-0.8735300976226607
-0.6724814201371573,-0.6586461035483832,2.1843532255902978,-0.4727663978124177,0.7132489926508296,0.13840995816747498
-0.6724814201371573,1.972512400365117,-0.8931377383983284,1.8180723375024328,-0.2532358106795731,-0.4444605230173443
-0.6724814201371573,-0.6586461035483832,-0.3979662236777128,-0.01787127751418303,0.43711047741357173,1.1870525030277193
-0.6724814201371573,-0.6586461035483832,-0.8312412990582515,-0.6822145107554898,-0.5293743259168311,-0.45145147331641244
-0.6724814201371573,1.972512400365117,-0.8733308778095038,-0.8905717481103167,0.5751797350322008,-0.28366866613877323
-0.6724814201371573,-0.6586461035483832,-0.3979662236777128,-0.9091166331104845,0.5751797350322008,-0.9250883560782895
-0.6724814201371573,0.0957512218844601,-0.8312412990582515,2.145335013975983,-1.219720614009976,-0.23997522676959634
-0.6724814201371573,-0.6586461035483832,0.09720529104290289,-0.8360279686980583,0.43711047741357173,-0.9390702566764259
-0.6724814201371573,1.972512400365117,-0.8312412990582515,-0.7269404098735416,1.8178030535998617,0.26249932597593734
-0.6724814201371573,-0.6586461035483832,1.0875483204841343,-0.9636604125227428,1.6797337959812326,0.18909434783571996
-0.6724814201371573,-0.6586461035483832,0.2209981697230568,0.07267139631016584,-0.2463323477986417,1.027134514936532
-0.6724814201371573,-0.6586461035483832,-0.8114344384694269,0.5090216316082327,-0.11516655306094416,-0.7642964991997185
-0.6724814201371573,0.54416921252636,1.335134077844442,-0.4727663978124177,0.1609719621763138,-0.6192342804940517
-0.6724814201371573,-0.6480950920038678,1.5827198352047498,-0.09095994192660921,-1.219720614009976,2.220839278502443
-0.6724814201371573,1.972512400365117,-0.10829088756615263,1.482082656322922,-0.5293743259168311,-0.8158547576553474
-0.6724814201371573,-0.6586461035483832,-0.15038046631740493,0.18175895513468254,-0.805512841154089,0.22579683690582866
-0.6724814201371573,-0.48191666017775203,-0.625745120449196,-0.6909415154614511,-0.3913050682982021,-0.7721613182861706
-0.6724814201371573,-0.6586461035483832,-0.6455519810380206,-1.0182041919350011,-1.219720614009976,-0.895376817307249
-0.6724814201371573,-0.6586461035483832,-0.8931377383983284,2.163879898976151,0.009095778795821921,-0.41474898424630374
-0.6724814201371573,-0.6586461035483832,-0.8510481596470761,-0.9811144219346655,-1.219720614009976,-0.74244977951513
-0.6724814201371573,-0.6586461035483832,-0.3979662236777128,0.5090216316082327,2.6781471151359435,-1.4196980897373714
-0.6724814201371573,-0.6586461035483832,-0.7891517203069992,0.07267139631016584,2.577183970502321,0.7431271590368826
-0.6724814201371573,-0.6586461035483832,-0.7693448597181745,1.7089847786779164,2.6781471151359435,-0.3492088251925385
-0.6724814201371573,-0.6560083506622543,-0.3979662236777128,-0.9003896284045232,-0.3913050682982021,-0.582531791423943
-0.6724814201371573,-0.14428429075326274,-0.7693448597181745,-0.7454852948737094,-1.219720614009976,0.8523607574598248
-0.6724814201371573,-0.6586461035483832,-0.625745120449196,-0.663669625755322,-1.219720614009976,0.1454009084665431
-0.6724814201371573,-0.6560083506622543,-0.8733308778095038,-0.5731269519309731,-0.3360773652507505,-0.13860644743310638
-0.6724814201371573,-0.4291616024551756,-0.8312412990582515,-0.8905717481103167,-0.3913050682982021,-0.6847744395478169
-0.6724814201371573,-0.6138043044841931,-0.27417334499755885,1.7089847786779164,-1.219720614009976,-0.4584424236154806
-0.6724814201371573,-0.6586461035483832,-0.8510481596470761,-0.5633090716367666,0.8513182502694586,-0.03636379930923241
-0.6724814201371573,-0.1732995725006798,-0.7495379991293498,0.09121628131033367,-0.2532358106795731,-0.9320793063773577
-0.6724814201371573,-0.289360699490348,-0.7495379991293498,-0.9363885228166137,0.29904121979494275,-0.21812850708500794
-0.6724814201371573,-0.6586461035483832,0.6344663845147709,0.39993407278371595,-0.7157678237019802,1.791769703897127
-0.6724814201371573,-0.6586461035483832,-0.5217591023578667,-0.945115527522575,-0.11516655306094416,-0.7642964991997185
-0.6724814201371573,-0.6586461035483832,-0.35587664492646043,0.09121628131033367,2.0939415688371197,0.22579683690582866
-0.6724814201371573,-0.6586461035483832,-0.8931377383983284,0.29084651395919925,-1.219720614009976,2.6482703491314155
-0.30522219437959536,-0.6533705977761255,-0.3979662236777128,-0.8731177386983939,2.6781471151359435,-1.0343219545012317
-0.30522219437959536,-0.6428195862316102,-0.8510481596470761,-0.3364069492817718,-1.219720614009976,-1.3471669803845379
0.7965554828930903,-0.6375440804593525,-0.7272552809669222,-0.9636604125227428,-0.11516655306094416,-1.2527891513471159
1.163814708650652,-0.27353418217357506,-0.8931377383983284,-0.39967773339999146,-0.004711146966040977,-0.014517079624643988
-0.30522219437959536,-0.600615540053549,-0.27417334499755885,-0.363678838987901,-1.219720614009976,-0.5458293023538343
-0.6724814201371573,-0.6586461035483832,-0.8510481596470761,-0.8458458489922648,-0.22562195915584735,-0.7642964991997185
-0.6724814201371573,-0.6586461035483832,-0.8931377383983284,-0.6909415154614511,0.8513182502694586,0.8008024990041958
-0.6724814201371573,-0.5135696948112979,-0.8312412990582515,-0.9178436378164458,0.7132489926508296,-0.8009989882698272
-0.6724814201371573,-0.6586461035483832,0.7161696844436725,-0.7454852948737094,0.7132489926508296,-0.8009989882698272
-0.6724814201371573,-0.47400340151936554,-0.8312412990582515,-0.990932302228872,0.1609719621763138,-0.7791522685852388
-0.6724814201371573,-0.6560083506622543,-0.625745120449196,-0.6276707313432314,-0.28084966220329893,-0.6847744395478169
0.06203703137796651,0.660230339516028,-0.7074484203780975,-0.8643907339924326,0.3335585341996,0.6120468409293521
-0.6724814201371573,-0.5003809303806538,-0.8931377383983284,-0.4640393931064563,0.022902704557684818,-0.4226138033327559
-0.6724814201371573,-0.6586461035483832,-0.3979662236777128,-0.4727663978124177,0.23000659098562828,0.31318371564418235
-0.6724814201371573,-0.6401818333454814,-0.15038046631740493,-0.7814841892858,-0.4741466228693795,-0.9609169763610143
-0.6724814201371573,-0.6586461035483832,-0.026587587637251022,-0.7454852948737094,0.1609719621763138,-0.1744350677158311
-0.6724814201371573,-0.6586461035483832,-0.31626292374881115,-0.8360279686980583,-0.5293743259168311,-0.4584424236154806
-0.6724814201371573,-0.6586461035483832,-0.15038046631740493,-0.5458550622248438,-0.3913050682982021,0.19695916692217208
-0.6724814201371573,-0.6586461035483832,-0.7693448597181745,-0.7454852948737094,-0.4603396971075166,-0.5973875608094632
-0.6724814201371573,-0.526758459241942,-0.7693448597181745,-0.5731269519309731,0.022902704557684818,-0.32736210550795003
-0.6724814201371573,-0.6454573391177391,-0.8733308778095038,-0.8360279686980583,-0.3913050682982021,0.5316509124900666
-0.6724814201371573,-0.6507328448899966,-0.7495379991293498,-0.5185831725187147,0.1609719621763138,1.5514557873666543
-0.6724814201371573,-0.6586461035483832,-0.8510481596470761,-0.945115527522575,0.022902704557684818,0.18909434783571996
-0.6724814201371573,-0.6480950920038678,-0.15038046631740493,-0.363678838987901,0.022902704557684818,1.7839048848106749
-0.6724814201371573,1.972512400365117,-0.8114344384694269,-0.32767994457581046,-0.11516655306094416,-0.74244977951513
-0.6724814201371573,-0.6586461035483832,-0.8510481596470761,-0.6822145107554898,1.2379121716016197,-0.8377014773399359
-0.6724814201371573,-0.6586461035483832,-0.6455519810380206,-0.8000290742859678,0.1609719621763138,-0.5388383520547662
-0.6724814201371573,-0.6586461035483832,0.30270146965195843,-0.42694962310612067,0.9893875078880876,2.3737663162945624
0.7965554828930903,-0.6560083506622543,-0.8931377383983284,-1.0182041919350011,-0.9090647843680607,-1.0850063441694766
0.4292962571355284,1.369785865884681,-0.8931377383983284,-0.8905717481103167,1.1964913943160311,-1.0343219545012317
-0.6724814201371573,-0.5874267756229049,-0.8931377383983284,-0.9822052975229106,-0.7917059153922261,1.9149852029182053
-0.30522219437959536,0.1326797622902636,-0.8931377383983284,-0.7454852948737094,-0.5846020289642827,-0.3710555448771269
0.06203703137796651,-0.6507328448899966,-0.7074484203780975,-0.827300963992097,-0.018518072727903873,-0.480289143300069
2.081962773044557,-0.6586461035483832,-0.3979662236777128,-1.0182041919350011,-1.219720614009976,-0.7284678789169938
0.06203703137796651,-0.6560083506622543,-0.8931377383983284,0.07267139631016584,-1.1023617450341414,0.713415620265842
-0.6724814201371573,-0.6586461035483832,-0.8312412990582515,-0.42694962310612067,-0.6674435835354601,-0.07306628837934111
-0.6724814201371573,-0.5531359881032303,-0.8733308778095038,-0.363678838987901,-0.11516655306094416,-1.2379333819615956
-0.6724814201371573,-0.6586461035483832,-0.8931377383983284,-1.0182041919350011,-0.6260228062498714,-1.201230892891487
-0.6724814201371573,-0.6586461035483832,-0.8114344384694269,-0.990932302228872,-0.30846351372702474,-1.3034735410153608
-0.6724814201371573,-0.6560083506622543,-0.8931377383983284,-0.6549426210493605,1.1274567655067167,-0.3570736442789906
-0.30522219437959536,-0.6085287987119355,-0.8931377383983284,-0.7727571845798386,-0.5569881774405568,-0.014517079624643988
-0.6724814201371573,-0.6586461035483832,-0.6455519810380206,0.5090216316082327,-1.219720614009976,-0.997619465431123
-0.6724814201371573,0.17488380846832477,-0.15038046631740493,-0.663669625755322,-1.219720614009976,0.706424669966774
-0.6724814201371573,-0.526758459241942,0.8399625631238263,-0.09095994192660921,1.914451533932902,0.44426403375171286
-0.6724814201371573,-0.6586461035483832,-0.7693448597181745,-0.8731177386983939,0.8513182502694586,-0.14559739773217453
-0.6724814201371573,0.26456740659670475,0.9637554418039803,-0.6909415154614511,-1.219720614009976,1.8354631432663038
-0.6724814201371573,1.972512400365117,-0.8510481596470761,2.582503405965234,0.9893875078880876,0.4154263637680563
-0.6724814201371573,-0.6586461035483832,-0.8733308778095038,-0.8545728536982261,0.43711047741357173,-0.15258834803124266
-0.6724814201371573,1.1534901292221178,1.5827198352047498,0.18175895513468254,0.23000659098562828,0.4154263637680563
-0.6724814201371573,-0.6586461035483832,-0.15038046631740493,-0.9549334078167815,-0.11516655306094416,-0.5021358629846574
-0.6724814201371573,-0.6586461035483832,-0.8931377383983284,-0.4913112828125855,-0.3913050682982021,-0.6043785111085314
0.7965554828930903,1.972512400365117,-0.8510481596470761,-0.827300963992097,0.533758957746612,-0.6410810001786401
-0.6724814201371573,-0.6586461035483832,-0.8312412990582515,-0.9091166331104845,1.2655260231253456,-0.8298366582534837
2.081962773044557,-0.6111665515980643,-0.8931377383983284,-0.9549334078167815,0.1609719621763138,0.451254984050781
-0.30522219437959536,-0.5188452005835555,-0.8931377383983284,-0.6178528510490249,0.1609719621763138,-0.7354588292160619
-0.30522219437959536,-0.6322685746870949,0.4883907876721893,-0.363678838987901,0.7132489926508296,-0.3352269245944022
0.06203703137796651,-0.5504982352171014,0.34479104840321073,-0.3451339539877331,-0.11516655306094416,-0.029372849010164265
0.4292962571355284,-0.571600258306132,-0.8733308778095038,-0.7182134051675803,-1.219720614009976,-0.0870481889774774
-0.6724814201371573,-0.6586461035483832,-0.5217591023578667,-0.5087652922245082,0.022902704557684818,-0.8158547576553474
-0.6724814201371573,-0.6586461035483832,-0.6876415597892729,-0.12695883633869973,-0.3913050682982021,-1.318329310400881
-0.6724814201371573,-0.6454573391177391,-0.8510481596470761,1.5268085554409734,0.9893875078880876,-0.8298366582534837
-0.6724814201371573,-0.39487081493550086,-0.8733308778095038,-0.11823183163273839,-0.2532358106795731,-0.9032416363937011
-0.6724814201371573,-0.39487081493550086,-0.8312412990582515,0.39993407278371595,-0.805512841154089,-1.2230776125760754
-0.6724814201371573,1.972512400365117,-0.3979662236777128,-0.14550372133886758,1.2655260231253456,-1.0701505747839564
-0.6724814201371573,-0.542584976558715,-0.8312412990582515,-0.9276615181106523,-1.219720614009976,-0.9390702566764259
-0.6724814201371573,-0.6586461035483832,-0.5217591023578667,-0.5818539566369344,-0.6674435835354601,-0.4077580339472356
-0.6724814201371573,-0.6454573391177391,-0.8510481596470761,-0.8360279686980583,0.29904121979494275,-0.6847744395478169
-0.6724814201371573,-0.6586461035483832,2.1843532255902978,-0.4727663978124177,0.1609719621763138,0.6775869999831173
-0.6724814201371573,-0.6586461035483832,-0.6876415597892729,1.490809661028883,-1.219720614009976,-0.7573055489006504
-0.6724814201371573,-0.6586461035483832,-0.8510481596470761,-0.42694962310612067,-0.6674435835354601,-0.429604753631824
1.5310739344082143,-0.5663247525338744,-0.8114344384694269,-0.9091166331104845,0.43711047741357173,-1.2667710519452522
-0.30522219437959536,-0.44762587265807735,-0.6876415597892729,-0.32767994457581046,0.7132489926508296,-0.6917653898468851
2.081962773044557,-0.6322685746870949,-0.026587587637251022,1.0544594257308162,-1.219720614009976,-1.2309424316625275
0.06203703137796651,-0.6428195862316102,-0.8733308778095038,-0.9276615181106523,-0.3360773652507505,-0.6699186701622967
-0.6724814201371573,-0.6586461035483832,-0.31626292374881115,-0.782575064874045,-1.0264236533438953,0.2843460456605258
0.06203703137796651,0.2672051594828336,-0.8733308778095038,2.582503405965234,-1.219720614009976,2.6482703491314155
-0.6724814201371573,1.972512400365117,-0.8510481596470761,-0.990932302228872,0.271427368271217,-0.28366866613877323
-0.6724814201371573,0.5942865173628076,-0.8733308778095038,1.8911610019148593,-0.3913050682982021,-0.6043785111085314
-0.6724814201371573,-0.6560083506622543,-0.8931377383983284,-0.24586427545742293,0.022902704557684818,-1.0998621135549969
-0.6724814201371573,-0.6586461035483832,-0.8312412990582515,-0.8000290742859678,0.595890123674995,1.2158901730113758
-0.30522219437959536,1.6942294708785264,0.46858392708336466,-0.8545728536982261,1.0791325253401964,1.383672980189015
0.06203703137796651,1.972512400365117,1.397030517184519,-0.827300963992097,2.3700800840743774,-0.6332161810921879
2.081962773044557,1.972512400365117,2.1843532255902978,1.0544594257308162,0.43711047741357173,0.6845779502821855
-0.6724814201371573,-0.6586461035483832,2.0778913499253657,1.5638983254413095,1.1274567655067167,-0.9539260260619461
-0.6724814201371573,-0.6586461035483832,0.5923768057635186,-0.05496104751451869,0.43711047741357173,-1.0998621135549969
-0.6724814201371573,1.972512400365117,-0.15038046631740493,1.0544594257308162,-0.3913050682982021,-1.0701505747839564
-0.6724814201371573,1.972512400365117,-0.37815936308888815,-0.827300963992097,-0.11516655306094416,-0.5606850717393546
0.4292962571355284,-0.5847890227367761,-0.06867716638850334,0.9999156463185578,-0.943582098772718,-0.9827636960456028
1.163814708650652,-0.6586461035483832,-0.1701873269062296,-0.9091166331104845,0.9341598048406361,-0.4951449126855893
0.4292962571355284,1.972512400365117,-0.08848402697732798,0.5090216316082327,0.1609719621763138,-0.9609169763610143
2.081962773044557,-0.6586461035483832,0.8399625631238263,0.07267139631016584,-1.219720614009976,0.6627312305975971
-0.30522219437959536,-0.39487081493550086,-0.8931377383983284,-0.9822052975229106,0.38188277436612017,2.6482703491314155
0.06203703137796651,-0.6401818333454814,1.458926956524596,0.09994328601629501,1.6797337959812326,-0.2766777158397051
-0.30522219437959536,-0.6586461035483832,-0.35587664492646043,-0.20004750075112593,1.3414641148155915,-0.23298427647052822
2.081962773044557,1.972512400365117,2.1843532255902978,2.582503405965234,-1.219720614009976,-0.007526129325575842
0.06203703137796651,0.900265852153751,-0.5217591023578667,0.9453718669062995,-0.6122158804880085,-1.0919972944685448
2.081962773044557,0.660230339516028,0.01550199111400129,-0.363678838987901,-1.219720614009976,-0.582531791423943
-0.30522219437959536,-0.6085287987119355,0.09720529104290289,1.5998972198533996,0.29904121979494275,-0.06520146929288897
-0.30522219437959536,0.1326797622902636,0.2209981697230568,0.026854621603868836,-0.6674435835354601,-0.9102325866927693
0.06203703137796651,1.972512400365117,-0.026587587637251022,-0.14550372133886758,-0.3913050682982021,-1.5437874575458335
-0.6724814201371573,1.8735966671352864,-0.8931377383983284,-0.14550372133886758,-0.5293743259168311,1.2744393817660729
-0.6724814201371573,-0.6586461035483832,0.34479104840321073,-1.0182041919350011,-1.219720614009976,1.1285032942730222
-0.6724814201371573,-0.6586461035483832,-0.8931377383983284,1.1548199798493717,-1.219720614009976,-0.9757727457465346
-0.6724814201371573,-0.6586461035483832,0.38688062715446303,-0.4640393931064563,-1.219720614009976,-0.7642964991997185
0.7965554828930903,-0.3975085678216297,1.0875483204841343,0.07267139631016584,-1.219720614009976,2.57825161254231
1.163814708650652,1.1614033878805043,-0.026587587637251022,-0.8545728536982261,1.210298320077894,-1.3401760300854697
0.7965554828930903,-0.6586461035483832,-0.6034624022867683,-0.9363885228166137,-0.6674435835354601,-0.28366866613877323
1.163814708650652,-0.6586461035483832,-0.8312412990582515,-0.645124740755154,2.0939415688371197,0.6775869999831173
-0.30522219437959536,-0.041411928194238674,-0.15038046631740493,0.6181091904327494,-0.11516655306094416,-0.9609169763610143
1.163814708650652,0.660230339516028,0.2209981697230568,0.13594218042838555,-0.5362777887977626,-0.1237506780475861
-0.30522219437959536,1.4515562053546747,-0.2543664844087342,-0.363678838987901,0.5751797350322008,-0.7503145986015822
2.081962773044557,1.952729253719151,-0.026587587637251022,0.8362843080817828,-0.6674435835354601,-0.7791522685852388
-0.6724814201371573,-0.6586461035483832,0.30270146965195843,-0.6549426210493605,1.8178030535998617,-0.2478400458560485
-0.6724814201371573,-0.6586461035483832,0.34479104840321073,-0.6909415154614511,-0.2532358106795731,1.2019082724132395
-0.6724814201371573,-0.6586461035483832,-0.7891517203069992,-0.6363977360491927,-0.11516655306094416,0.8881893777425495
-0.6724814201371573,1.972512400365117,-0.3979662236777128,-0.945115527522575,0.5199520319847492,2.2426859981870315
0.4292962571355284,-0.526758459241942,2.1843532255902978,0.5264756410201553,-0.5293743259168311,2.1264614494650216
-0.30522219437959536,-0.4212483437967891,-0.7891517203069992,2.582503405965234,2.6781471151359435,1.0341254652356002
-0.6724814201371573,-0.6560083506622543,0.46858392708336466,-0.5633090716367666,1.2655260231253456,-0.531847401755698
-0.6724814201371573,-0.6586461035483832,-0.026587587637251022,-0.8720268631101489,1.5416645383626035,-0.5973875608094632
-0.6724814201371573,-0.6586461035483832,-0.5217591023578667,-0.527310177224676,2.6462185993116356,1.027134514936532
-0.6724814201371573,-0.6560083506622543,-0.8931377383983284,-0.8360279686980583,-0.3222704394888876,0.8305140377752364
-0.6724814201371573,-0.6586461035483832,2.1843532255902978,-0.4727663978124177,2.390790472717172,0.036167310043601006
-0.6724814201371573,-0.6586461035483832,-0.8931377383983284,-0.6723966304612833,0.9893875078880876,0.2188058866067605
-0.6724814201371573,-0.6586461035483832,-0.8931377383983284,-0.7454852948737094,-0.6674435835354601,-0.5676760220384227
-0.6724814201371573,-0.6586461035483832,0.9637554418039803,-0.32767994457581046,2.6781471151359435,0.33503043532877075
-0.6724814201371573,-0.6586461035483832,-0.7693448597181745,-0.6363977360491927,-0.09445616441814982,0.2476435565904171
-0.6724814201371573,0.2381898777354165,-0.625745120449196,0.18175895513468254,-1.219720614009976,2.6482703491314155
-0.6724814201371573,-0.6058910458258067,0.09720529104290289,-0.6909415154614511,-0.5293743259168311,-1.048303855099368
-0.6724814201371573,-0.13109552632261864,-0.3979662236777128,-0.363678838987901,-1.219720614009976,0.9904320258664234
-0.6724814201371573,-0.6586461035483832,-0.47966952360661436,1.1635469845553328,-0.2532358106795731,-1.0264571354147796
-0.6724814201371573,-0.6586461035483832,-0.31626292374881115,-0.19132049604516457,0.1609719621763138,0.4294082643661926
2.081962773044557,-0.5847890227367761,-0.6455519810380206,-0.7913020695800065,-0.30846351372702474,-0.11675972774851795
-0.6724814201371573,-0.6586461035483832,-0.15038046631740493,1.3817221022043662,-1.219720614009976,1.121512343973954
1.5310739344082143,0.25665414793831826,0.40668748774328767,-0.9178436378164458,0.21619966522376538,-0.6847744395478169
1.5310739344082143,0.20389909021574182,0.03530885170282593,-0.6909415154614511,0.1609719621763138,-0.6550629007767764
1.898333160165776,1.972512400365117,-0.5217591023578667,-0.8000290742859678,1.1274567655067167,0.15326572755299525
-0.6724814201371573,-0.6586461035483832,2.1843532255902978,1.5998972198533996,-0.4603396971075166,1.4780508092264368
-0.30522219437959536,-0.3711310389603415,2.1843532255902978,2.582503405965234,-1.219720614009976,2.6482703491314155
2.081962773044557,1.972512400365117,-0.8931377383983284,1.1635469845553328,-1.219720614009976,1.7402114454414979
2.081962773044557,-0.3051872168071209,1.7684091532249808,2.2544225728005,-1.219720614009976,0.29133699595959395
2.081962773044557,1.972512400365117,1.0875483204841343,-0.2905901745754748,1.4243056693867688,0.6260287415274884
0.7965554828930903,0.1880725728989689,-0.5217591023578667,1.4362658816166247,-1.219720614009976,-0.7861432188843069
1.5310739344082143,1.8419436325017404,-0.7891517203069992,-0.9265706425224072,0.29904121979494275,0.9179009165135901
0.06203703137796651,-0.6586461035483832,2.1843532255902978,-0.03641616251435086,1.058422136697402,-0.1604531671176948
2.081962773044557,1.972512400365117,-0.35587664492646043,-0.6996685201674124,-0.3913050682982021,0.06587884881464155
-0.6724814201371573,1.972512400365117,-0.8733308778095038,-1.0094771872290398,-1.219720614009976,1.7480762645279502
1.898333160165776,1.972512400365117,0.24080503031188144,-0.5185831725187147,-0.2532358106795731,-0.7503145986015822
1.5310739344082143,0.5494447182986175,0.8399625631238263,1.6718950086775808,1.5416645383626035,-0.5606850717393546
-0.6724814201371573,1.972512400365117,-0.27417334499755885,-0.7727571845798386,-1.219720614009976,-0.4077580339472356
-0.6724814201371573,-0.13109552632261864,-0.19247004506865725,-0.6909415154614511,1.6935407217430953,-0.7066211592324053
-0.6724814201371573,-0.6586461035483832,-0.10829088756615263,1.672985884265826,-0.3913050682982021,-0.6113694614075995
-0.6724814201371573,-0.6586461035483832,2.1843532255902978,0.08139840101612719,-0.5846020289642827,0.9397476361981785
-0.6724814201371573,-0.6586461035483832,-0.8733308778095038,-0.363678838987901,-0.5293743259168311,-0.9250883560782895
2.081962773044557,0.09047571611220245,0.15910173038297984,1.490809661028883,0.7822836214601442,-0.7284678789169938
-0.6724814201371573,-0.6586461035483832,-0.4598626630177897,-0.39095072869403014,1.2655260231253456,-0.5458293023538343
2.081962773044557,-0.23133013599551389,-0.7074484203780975,-0.9363885228166137,0.8513182502694586,1.01926969585008
0.7965554828930903,1.972512400365117,-0.5217591023578667,-0.8185739592861356,-1.219720614009976,0.3787238746979476
1.163814708650652,-0.5056564361529114,-0.026587587637251022,-0.41822261840015934,-0.805512841154089,2.4541622447338476
2.081962773044557,-0.6560083506622543,-0.35587664492646043,-0.363678838987901,-0.11516655306094416,-0.9102325866927693
-0.30522219437959536,-0.5030186832667826,-0.8733308778095038,-0.9003896284045232,2.6781471151359435,-0.8298366582534837
2.081962773044557,1.972512400365117,-0.8931377383983284,2.036247455151466,-1.219720614009976,2.6482703491314155
0.7965554828930903,1.972512400365117,-0.3979662236777128,1.1635469845553328,-0.8745474699634035,-0.9687817954474665
-0.30522219437959536,1.972512400365117,0.7161696844436725,-0.9822052975229106,1.76257535055241,0.07286979911370971
2.081962773044557,0.765740454961181,-0.026587587637251022,-0.9091166331104845,-0.9988098018201697,-0.10889490866206582
0.4292962571355284,-0.6586461035483832,-0.3979662236777128,0.29084651395919925,-1.219720614009976,-0.5458293023538343
2.081962773044557,1.972512400365117,-0.15038046631740493,-0.663669625755322,0.06432348184327351,0.6775869999831173
1.163814708650652,1.972512400365117,-0.2543664844087342,0.29084651395919925,-0.4741466228693795,0.6697221808966652
2.081962773044557,1.972512400365117,-0.23208376624630653,-0.8371188442863035,0.872028638912253,0.02218540944546471
-0.30522219437959536,-0.6586461035483832,-0.8733308778095038,-1.0094771872290398,2.6462185993116356,0.8375049880743045
-0.6724814201371573,-0.6586461035483832,-0.8312412990582515,-0.09095994192660921,0.3335585341996,1.492906578611957
-0.6724814201371573,-0.6586461035483832,1.7065127138849037,0.9453718669062995,-0.15658733034653285,0.1095722881838184
-0.6724814201371573,1.972512400365117,-0.8931377383983284,2.2544225728005,-1.219720614009976,-0.2915334852252253
-0.6724814201371573,-0.6586461035483832,-0.8931377383983284,2.582503405965234,-1.219720614009976,2.6482703491314155
2.081962773044557,1.972512400365117,2.1843532255902978,2.582503405965234,-1.219720614009976,2.6482703491314155
2.081962773044557,-0.6586461035483832,2.1843532255902978,2.2544225728005,-1.219720614009976,1.7620581651260863
1.163814708650652,1.972512400365117,-0.3979662236777128,-0.6363977360491927,-0.11516655306094416,-0.41474898424630374
1.898333160165776,1.972512400365117,-0.7495379991293498,-0.8916626236985618,-0.5569881774405568,-0.531847401755698
2.081962773044557,1.972512400365117,0.6542732451035955,0.39993407278371595,1.058422136697402,-0.10889490866206582
0.4292962571355284,-0.26298317062905974,1.2113411991642882,-0.8545728536982261,0.9341598048406361,-0.3859113142626472
-0.6724814201371573,-0.6428195862316102,-0.8510481596470761,0.1272151757224242,0.7822836214601442,0.24065260629134894
-0.6724814201371573,-0.6586461035483832,-0.8510481596470761,-0.9723874172287041,0.7132489926508296,0.6338935606139405
-0.6724814201371573,-0.5979777871674202,-0.7693448597181745,-0.8545728536982261,1.1895879314350997,-0.4951449126855893
2.081962773044557,1.972512400365117,0.28289460906313374,-0.363678838987901,1.5140506868388777,1.281430332065141
0.4292962571355284,1.7628110459178759,0.34479104840321073,0.29084651395919925,-0.6674435835354601,-0.8665391473235925
-0.30522219437959536,1.3671481129985523,-0.3979662236777128,-0.990932302228872,0.43711047741357173,-0.9906285151320549
2.081962773044557,1.972512400365117,0.09720529104290289,-0.4913112828125855,0.1609719621763138,-0.9539260260619461
0.7965554828930903,0.660230339516028,-0.625745120449196,-0.9178436378164458,1.4035952807439747,-0.16744411741676293
-0.6724814201371573,-0.6560083506622543,-0.8931377383983284,-0.6363977360491927,-0.18420118187025863,0.9467385864972466
-0.6724814201371573,-0.6586461035483832,-0.7693448597181745,-0.7454852948737094,0.32665507131866856,-0.13860644743310638
-0.6724814201371573,-0.6586461035483832,-0.8312412990582515,-0.9636604125227428,0.1609719621763138,-0.9906285151320549
-0.6724814201371573,-0.6586461035483832,-0.8510481596470761,-0.8905717481103167,0.022902704557684818,-0.6987563401459532
-0.6724814201371573,-0.6586461035483832,-0.27417334499755885,-0.6363977360491927,0.7132489926508296,-0.1604531671176948
-0.6724814201371573,-0.6586461035483832,-0.8733308778095038,-1.0094771872290398,-1.219720614009976,-1.3323112109990174
-0.6724814201371573,-0.6586461035483832,-0.6455519810380206,-0.2545912801633843,0.38188277436612017,0.07986074941277785
-0.6724814201371573,-0.6586461035483832,-0.8510481596470761,-0.10950482692677704,2.3700800840743774,1.43435736985726
-0.6724814201371573,-0.6480950920038678,-0.8312412990582515,-0.7454852948737094,-0.2532358106795731,-0.997619465431123
0.06203703137796651,-0.6560083506622543,1.624809413956002,-0.30913505957564263,1.3276571890537285,-0.3352269245944022
-0.30522219437959536,0.08783796322607362,-0.7495379991293498,-0.8458458489922648,1.6797337959812326,-0.8228457079544156
0.06203703137796651,-0.6401818333454814,-0.6034624022867683,1.3631772172041983,0.1609719621763138,-1.05616867418582
-0.6724814201371573,-0.6586461035483832,-0.8312412990582515,-0.05496104751451869,-0.11516655306094416,0.6041820218428999
0.06203703137796651,-0.3737687918464703,-0.7693448597181745,-0.7454852948737094,1.5416645383626035,-0.1744350677158311
-0.30522219437959536,-0.6349063275732237,-0.10829088756615263,-0.8545728536982261,1.5416645383626035,-0.7642964991997185
0.06203703137796651,-0.6560083506622543,-0.8931377383983284,2.036247455151466,-0.11516655306094416,0.07286979911370971
-0.30522219437959536,-0.4792789072916232,0.09720529104290289,0.01812761689790749,1.9558723112184906,-0.1604531671176948
-0.6724814201371573,0.3305112287499253,-0.8312412990582515,1.2540896583796814,-0.3913050682982021,-1.1356907338377216
-0.6724814201371573,-0.6322685746870949,-0.8312412990582515,-0.527310177224676,-0.11516655306094416,-0.8079899385688953
-0.6724814201371573,-0.6586461035483832,0.2209981697230568,-0.9822052975229106,-1.219720614009976,-0.7642964991997185
-0.6724814201371573,-0.6560083506622543,-0.563848681109119,-1.0182041919350011,-0.11516655306094416,-1.0998621135549969
-0.6724814201371573,-0.6586461035483832,-0.563848681109119,-0.8458458489922648,-0.11516655306094416,-0.8595481970245243
-0.6724814201371573,-0.6586461035483832,0.1392948697941552,1.5998972198533996,-0.6674435835354601,-0.6699186701622967
-0.6724814201371573,1.972512400365117,-0.8931377383983284,-0.4640393931064563,-1.219720614009976,0.40756154468160416
-0.6724814201371573,-0.6586461035483832,-0.6455519810380206,1.8180723375024328,0.35426892284239436,-0.18929083710135136
-0.6724814201371573,-0.6454573391177391,-0.06867716638850334,-0.8731177386983939,0.29904121979494275,-1.0343219545012317
-0.6724814201371573,1.475295981329834,-0.7693448597181745,-0.7454852948737094,-0.3913050682982021,-0.74244977951513
-0.30522219437959536,-0.3737687918464703,-0.8312412990582515,-0.9549334078167815,0.6580212896033781,-0.36406459457805873
-0.6724814201371573,-0.6586461035483832,-0.8931377383983284,-0.6909415154614511,-0.6950574350591858,0.6408845109130087
-0.6724814201371573,-0.6586461035483832,-0.8931377383983284,-0.5458550622248438,-0.3913050682982021,0.08772556849922998
-0.30522219437959536,-0.6480950920038678,-0.7693448597181745,-0.8632998584041874,0.43711047741357173,-0.6699186701622967
0.06203703137796651,0.8897148406092357,-0.4177730842665374,-0.481493402518379,-0.11516655306094416,-1.1575374535223102
-0.6724814201371573,-0.6586461035483832,-0.6455519810380206,-0.9091166331104845,-0.3222704394888876,0.8305140377752364
-0.6724814201371573,0.26456740659670475,-0.5019522417690421,1.0730043107309841,-0.6674435835354601,-1.0413129048002998
-0.6724814201371573,-0.6586461035483832,-0.7693448597181745,-0.2273193904572551,-0.5293743259168311,-0.2478400458560485
-0.6724814201371573,-0.6586461035483832,-0.15038046631740493,-0.8545728536982261,0.3749793114851887,0.36386810531242736
-0.6724814201371573,-0.13109552632261864,0.34479104840321073,-0.41822261840015934,0.38188277436612017,0.24065260629134894
-0.6724814201371573,-0.28672294660421915,0.8399625631238263,-0.527310177224676,0.1609719621763138,0.15326572755299525
-0.6724814201371573,-0.6586461035483832,0.8399625631238263,-0.8545728536982261,0.9893875078880876,0.014320590359012581
-0.6724814201371573,-0.6586461035483832,0.5923768057635186,0.5090216316082327,-1.219720614009976,1.842454093565372
-0.6724814201371573,-0.6533705977761255,-0.7495379991293498,-0.9265706425224072,0.9134494161978417,0.4154263637680563
-0.6724814201371573,0.6628680924021569,-0.8114344384694269,-0.43676750340032716,-1.219720614009976,0.5167951431045463
-0.6724814201371573,0.2672051594828336,-0.8114344384694269,0.8362843080817828,-1.219720614009976,-0.9250883560782895
-0.6724814201371573,-0.6586461035483832,-0.7693448597181745,0.9453718669062995,-1.219720614009976,-0.6410810001786401
-0.6724814201371573,-0.6586461035483832,0.8399625631238263,-0.945115527522575,1.1274567655067167,-0.5100006820711096
1.5310739344082143,-0.13109552632261864,-0.8931377383983284,-0.20004750075112593,-1.219720614009976,0.32803948502970265
-0.6724814201371573,-0.6533705977761255,-0.3979662236777128,-0.20004750075112593,-0.5293743259168311,1.4562040895418484
-0.30522219437959536,-0.23660564176777155,-0.8312412990582515,0.6453810801388785,-1.219720614009976,-1.3620227497700579
-0.6724814201371573,-0.6586461035483832,-0.7272552809669222,-0.9276615181106523,-0.22562195915584735,-0.7791522685852388
-0.6724814201371573,-0.4792789072916232,-0.6455519810380206,1.490809661028883,-0.5293743259168311,-0.8665391473235925
-0.30522219437959536,-0.6296308218009661,-0.6876415597892729,-0.8371188442863035,0.1609719621763138,-0.6847744395478169
-0.6724814201371573,-0.6586461035483832,-0.8931377383983284,0.07267139631016584,-1.219720614009976,-0.9032416363937011
-0.30522219437959536,-0.6032532929396779,0.24080503031188144,-0.30913505957564263,1.6521199444575068,-0.5021358629846574
-0.6724814201371573,0.3700775220418576,-0.7693448597181745,-0.6549426210493605,-1.219720614009976,0.6557402802985289
-0.6724814201371573,-0.6111665515980643,-0.3979662236777128,-0.9363885228166137,-0.3913050682982021,-1.3690137000691263
-0.30522219437959536,-0.25243215908454447,-0.7693448597181745,-0.20004750075112593,-0.943582098772718,-0.2478400458560485
-0.6724814201371573,-0.6586461035483832,-0.8510481596470761,0.9453718669062995,-1.219720614009976,-0.8009989882698272
-0.6724814201371573,-0.6586461035483832,-0.8114344384694269,-0.2545912801633843,0.271427368271217,-0.13860644743310638
-0.6724814201371573,-0.6586461035483832,-0.4598626630177897,-0.6909415154614511,-0.11516655306094416,-0.6917653898468851
-0.6724814201371573,-0.6586461035483832,-0.15038046631740493,-0.14550372133886758,-0.3913050682982021,0.05801402972818943
-0.6724814201371573,-0.6586461035483832,-0.8733308778095038,-0.6909415154614511,-0.11516655306094416,-0.029372849010164265
-0.6724814201371573,-0.6586461035483832,-0.8733308778095038,-1.0094771872290398,-1.219720614009976,0.036167310043601006
-0.6724814201371573,-0.6586461035483832,-0.7693448597181745,1.5453534404411413,0.022902704557684818,-0.844692427639004
-0.30522219437959536,-0.6454573391177391,-0.026587587637251022,-0.9003896284045232,-0.6674435835354601,-1.1793841732068986
-0.6724814201371573,-0.6586461035483832,-0.8510481596470761,-0.9091166331104845,0.5199520319847492,-0.09491300806392954
-0.6724814201371573,-0.6560083506622543,-0.15038046631740493,-0.5731269519309731,-0.3913050682982021,1.7839048848106749
-0.6724814201371573,-0.26298317062905974,1.8303055925650578,0.2548476195471087,1.990389625623148,1.376682029889947
-0.6724814201371573,-0.6533705977761255,-0.6455519810380206,1.7820734430903427,-1.219720614009976,-0.48815396238652115
-0.6724814201371573,-0.3500290158713109,-0.6455519810380206,-0.8360279686980583,0.43711047741357173,1.645833616404076
-0.6724814201371573,-0.6138043044841931,0.09720529104290289,-0.5818539566369344,0.5475658835084749,-0.16744411741676293
-0.6724814201371573,-0.009758893560692802,-0.7891517203069992,-0.4727663978124177,0.5751797350322008,0.5167951431045463
-0.6724814201371573,-0.033498669535852205,-0.563848681109119,-0.7913020695800065,0.43711047741357173,0.8881893777425495
2.081962773044557,-0.6507328448899966,-0.8510481596470761,1.30863343779194,-0.3291739023698191,-0.07306628837934111
-0.30522219437959536,-0.6560083506622543,-0.8733308778095038,0.563565411020491,-0.5293743259168311,-1.048303855099368
-0.6724814201371573,-0.526758459241942,-0.8931377383983284,1.20936375926163,-1.219720614009976,-1.1793841732068986
-0.6724814201371573,-0.6586461035483832,-0.8931377383983284,-0.7454852948737094,-1.219720614009976,-0.9906285151320549
-0.6724814201371573,0.30149594700250826,-0.7495379991293498,-0.9549334078167815,0.7132489926508296,-1.0413129048002998
-0.6724814201371573,0.7578271963027945,0.5923768057635186,-0.8000290742859678,-0.004711146966040977,-0.3133802049098138
-0.6724814201371573,-0.6533705977761255,-0.7272552809669222,-0.30040805486968125,-0.2532358106795731,-1.2527891513471159
-0.6724814201371573,-0.6507328448899966,-0.6034624022867683,-0.8545728536982261,0.43711047741357173,0.43727308345264476
-0.6724814201371573,-0.6586461035483832,0.8399625631238263,-0.30040805486968125,1.5416645383626035,0.8008024990041958
-0.6724814201371573,-0.6586461035483832,-0.27417334499755885,1.182091869555501,0.5751797350322008,-0.9032416363937011
0.06203703137796651,0.38062853358637294,0.09720529104290289,-0.8545728536982261,0.1609719621763138,-0.7642964991997185
-0.30522219437959536,-0.6560083506622543,0.09720529104290289,1.9271598963269496,0.1609719621763138,-0.5388383520547662
-0.6724814201371573,1.3196685610482337,-0.8733308778095038,-0.9734782928169493,0.7132489926508296,-1.1793841732068986
-0.6724814201371573,-0.6586461035483832,2.1843532255902978,-0.28186316986951343,-1.219720614009976,0.31318371564418235
