0,1,2,3,4,5
2.6143640973553857,-0.5363364692898628,0.9857945438265027,-0.8093991872776467,2.676764906161917,-1.6425910245658322
-0.7400986438373091,0.33758801287450835,-0.8325661471801239,-0.511531574319993,-0.18418551249029502,-0.7466622916760899
-1.4310132878802497,0.3322566900474624,-0.32125318878849296,0.2927236011324018,0.06622312782121717,0.14127120383362582
1.7199834047228886,0.14343041427444717,0.6158478139840065,1.0803183376937873,1.4531733163377016,-0.7104313202873586
0.28408783188843706,0.9926827596783006,-1.4571988924140986,1.1781498334717029,-0.9084766398031069,-1.598737774858544
-0.8157227831452529,-0.005105107526976011,0.5073999083348638,0.06509469498882801,0.6082207624932996,-0.047363822593364246
0.5749972237699432,2.725948233477945,-0.7832067711677414,0.23253678433537758,-0.7470302586868596,-0.04140666562050167
1.00689627394792,-0.07515381871621478,-0.8027648559345854,-0.7422942721429038,-0.24533181422763478,1.6068863603720922
-0.8537828129856909,0.496837708982979,-0.7150579025199392,-0.1835663251339644,0.19001767269790368,-0.4626310538028687
-0.9777823348520219,0.3690960545275014,-0.7970976868340186,-0.2991650409881618,-0.2470500690669746,-0.45309265279339606
0.05648684770438401,-0.036727479293000166,-0.3983824314003665,1.0644930894410798,-1.2468227230965592,-0.9845861179523098
-0.9056930627132308,0.6973344625589888,-0.6641500236687695,0.7126966861795454,-0.26776638869906744,-0.3857591228057384
1.0639443901863816,-0.6877749785853859,1.0624002338115566,2.118602372899622,-0.3455581238446683,-0.23954595339192958
-0.6324526042370155,-0.4394401839968036,0.06594276042601512,-0.4635856823173783,-0.22604098396628403,-0.258309102793106
-0.4970593354475707,-0.4500257663021071,-0.005738699383937891,-0.14005970265321502,-0.46963916370999514,0.4446760907862199
-1.9785787330582338,1.0117791909745748,-0.6750634195629911,0.7664060297125702,0.4329957725799785,0.06326714906592608
-0.7757245819149999,-0.8663021475203153,0.3546718115521595,-0.23042598996936248,-0.7432118772569147,0.8652353894268431
-1.1405180022319288,0.4925847439904927,-0.3909078039402639,0.25205066959373523,0.45019693008758865,0.01192319042302917
1.179185845744364,-0.4206025953102367,-0.9171247881729577,-0.9739677536539006,-1.230147882744328,-1.2737853670101507
0.39812278406824586,0.21257937178881772,-1.1164384737778554,-0.9838614008514089,-0.13812352610201808,-0.287723458549467
0.24428594109433538,-0.866668824131584,0.44084181695171304,0.14112078272592538,-0.8812471993127463,-0.666943011249947
-0.4377978516895188,-0.6152751479537942,1.1620410641936951,0.3049247771518616,1.0392069445509562,0.0425576178585873
-1.4839412428903658,-0.16936030563550508,0.11651742843859779,0.2241553708393674,-0.24161964617304488,0.30734313657024626
-1.007754255300372,-0.23115198402888631,0.11264340190953712,-0.1076896354451296,-0.057915716116343524,-0.07752633657555819
-0.7914421644799807,-0.8873712721757914,0.20792602242553343,-0.6220950643041895,-0.9495396970783733,-0.03493421072814921
-1.2413498321103331,-0.33986302316913314,0.28581656718694065,0.07696732411550739,-0.13604320428719527,0.18046520694268933
-0.5122191715564495,-0.880251189860749,0.23045197398415743,-0.6869350775372252,-0.7236142363470061,-0.03837159427788076
-0.7952669156707215,-0.37486998692812656,0.31502121814727385,0.9143269820445756,-0.6492349870509047,0.2343480360709447
-0.2009295598629473,-0.7446033577060689,1.1646853012613005,0.0949574213237714,0.9400552097242039,-0.03310058892452267
-0.45669521005793495,-0.5678111555263579,1.1965235626804607,0.09326257531359146,1.1380586491425468,0.03887300202339703
-1.2445568544997496,-0.041274350789485666,-0.03499691035017557,0.27124738038187246,-0.10621210816351355,0.6493929101432006
-0.7955093482422619,-0.6004948976093465,0.2607963192271948,-0.27933416217474893,-0.36491242752390834,0.19767673358720467
-0.6231748169882521,0.4966802243751764,-0.9351301516277092,-0.09371700341531987,-0.05424733702548168,0.4619895767937777
-0.1093785220520467,-0.5804464261440523,1.3375194211224455,-0.2194844122792765,1.0889000707228647,-0.1774436521252339
1.3515928739217034,0.37782877257112263,-1.9103197786039832,-1.231464390514075,-0.5486716634577713,1.0205257902031217
0.3308566456294592,-0.40528517709195033,0.2901675587920712,0.34636565109799844,-0.24367560297600047,-0.01710577094840851
-1.1906171822354468,-0.4130749105603124,0.2289118102209542,0.047011281450280426,-0.3404968850521408,0.4331404057389994
-0.23840470414430545,-0.6155840649104195,1.1430384850718378,0.3259369154069985,0.6897003886151091,0.1398431023378253
-0.3307435565722991,-0.19387747602762995,0.025505466822051157,0.4572607446960295,-0.46749647018193197,-0.5612567379700097
-0.692119511915835,0.002878348264369611,-0.4544797170129792,-0.4759497007228106,-0.2190298496267297,-0.47073219879270234
-0.7114136722602303,1.926054641345163,-1.9027256097519434,0.33306240751338556,1.0907005783965333,-0.055280837267700826
0.2954878028651481,0.12628936645610553,-0.056036668226979114,0.42340497400397814,-0.7330672424570751,-0.0025979613530521203
-1.2865009203163131,-0.3766186077922517,0.5508730684303405,0.265281932901412,0.13385194674867293,0.33357358675532184
2.6628252352172983,-0.3959600737703075,-0.009202462381355732,-0.011509841658261709,0.8645927884203407,0.6519503417537394
-0.8669138665984745,0.07576030127995968,-0.3104072854412524,0.014877313077840982,-0.2113012605904237,-0.09968794222768029
0.40204476777385034,-0.1965769040434208,-0.35778809734344424,-0.9660478817673093,0.27426190371294973,-0.6565717518650037
2.608336928539428,-0.21769378935379785,-0.3878510075546384,-1.8244134103262808,0.5574915437808358,0.24697535536651272
-0.06664385186765398,-0.48510011878075554,0.918568772255216,0.05725889512669461,1.2847794804414758,0.3590401996605059
-0.4443925687197483,-0.2488371649324134,-0.46760450204065274,-0.8362796993272777,-0.5247611629343741,-0.6966224390800155
0.801955874594757,-0.7045661117763662,0.08983797393197976,0.8815853472003328,-1.6673348383915578,-0.4012334924780284
-0.3616088343816872,0.2935025363667737,-0.6849403680092105,-0.13897992019852112,-0.00016518772917308169,0.736979256492821
-0.26593025389279606,-1.0374082964771278,1.289928459552241,-0.05085035352757668,0.691419541782701,0.523038291083204
-1.3372848272105107,0.79042961076295,-0.622095839697417,0.43227922811695235,0.41135839065129687,0.21937783671805347
-1.5319404480923504,-0.45853617785959466,0.4255492870696275,0.2677254772259346,-0.35476066929345584,0.5363974540409082
0.5749815574531841,0.04912495853668598,-1.4696806901544983,-1.2351475646062862,-1.2241121959763839,-1.614472652709208
-0.4999668684302242,1.226130442800497,-1.5195987854937918,-0.47567672712057113,0.6076832060377675,-1.343305298684418
-0.1976763182820219,-1.0372071442314807,1.1499878377897244,-0.330903573725383,0.5633910783243407,-0.017181045956972844
-0.37426857327162205,-0.7539753649606636,0.34672547271725657,-0.8654411798030295,-0.6983877996370298,-0.3193743382336845
-0.7756365325563965,-0.5835828925095269,0.5978162371271281,0.4853592420897488,-0.2779466127047678,0.10260978674358322
-0.9837569370926127,-0.7795669796166966,0.6132966782674127,0.6393986227251129,-0.9087105613812404,0.2527829772646867
-0.45085259041644665,-0.3725376468592254,-0.17156707419679987,-0.5188676598018699,-0.361784547030469,0.029461861131525456
0.19643238802882626,0.3894788383255533,-0.9403722822361269,-0.427581430117794,0.26711203709366754,0.4688721920630252
-0.385875628876251,0.4930364930070381,-0.7649688578191424,0.5524790132364976,-0.20592178673630795,0.6768411585888396
1.0486020860522662,-0.7743860122114582,-0.4465949192092725,-2.0111509444503404,-0.4356027170463052,-1.6642364949012984
-0.939823254796554,-0.22712224088141653,0.007375961942856181,0.23351255003955673,-0.45091228209616807,0.000346460301825566
1.65419790209732,-0.6294061520891927,0.6997957209795179,-1.1844006422317812,1.785256580903473,-1.722650872354587
0.8356011594852285,-0.49871386487550423,0.8438987071619352,-0.16034373058754814,1.5841813143106513,0.10688456553626177
-1.3732201450891393,-0.3749508950093074,0.21808460157679008,0.1340936880283994,-0.4047440081014466,0.4568687534016795
0.21387221296396874,0.45424810681351946,-1.0845638470674617,-0.24483655940326973,0.13330295764690722,1.171290348418127
0.019740192784199917,-0.6476646674724451,1.1688375433866924,0.6268850250274736,0.5741706637290898,0.08365700183213723
0.06840336281099285,0.3047571739578819,-1.459403184056313,-1.4138206860723141,-0.6100461189429662,-1.5091651402040147
-1.3403885019117057,-0.5927841714547917,0.5398312876191664,0.12921691639799718,-0.2974239525194799,0.4032558552312799
-1.5387499646152705,0.7559071766592429,-0.49231372085014286,0.6475819686810317,0.23337320377077433,-0.005721339501045507
-0.9060260000096325,-0.4612126232577987,0.29895423702269663,0.108117405526773,-0.17379241399326262,0.8799650065853982
0.5432330651991076,-0.2846943920506477,-0.5169295882886586,0.28188958646245604,-1.451898766598608,-0.6569314800475016
-1.6528976907316553,0.14148534330467807,-0.050653094583337256,0.4376891518954405,-0.034509927007887374,0.3480957589440324
0.7655124443370601,-0.18394101261459994,0.3674832907444757,-1.0605847809827809,-0.42711623090403467,0.7300662546120054
-0.8360089810335125,-0.5741578854522924,0.3092408963732596,0.34662386173792226,-0.6170925222247772,0.7483533214937487
0.9639416093416312,-0.8872052309671605,0.410967640255761,-1.2281372727839326,0.5237721074130437,-0.682316929886257
0.5421814649032536,-0.3589665820688732,-0.11700113448721189,-1.103373830103092,-0.3183435406633469,-0.005458683967905271
2.41487162749564,-0.403394950904304,-0.35810330091181264,-0.5079527432779322,-0.428196608312358,0.4422890996664134
0.4896063776717182,-1.0395070903760453,1.4281948357981993,-0.5727228855758135,1.3068268151810674,-0.46577066851492727
-0.31863545585998027,0.18234032101408829,0.844702352957117,0.6841639064138947,-1.3102887401379302,-0.13365889771299047
-0.5509404176269505,0.1688818636892552,-0.7783370793043451,-0.666038988583188,-0.41808083859027,-0.5623884441888135
-0.5918985951141523,-0.3737510564849219,-0.2076217571462385,-0.5128206229685242,-0.5055719325827296,-0.010424040062560695
-0.4463548209291097,-0.0631441881064961,-0.28851033339176596,-0.06509635377702495,-0.027013604763811393,0.8895897828338646
-0.9024465154798238,-0.2759871326624131,-0.09200454253005672,-0.32989448620215955,-0.34020431849051486,-0.20331825940925852
-1.492329501321077,2.1586386325246982,-0.79020776591324,0.46940016841843685,0.7482813583404717,-0.3299920536178886
0.07589464094993058,-0.717275541074386,-0.5065723189325483,-1.1777374485329803,-1.1518503706498786,-0.006461760616952266
-1.0571047377598142,-0.6305397126109229,0.3464393752359875,-0.1925698422937129,-0.4552968602356986,0.13448476390701522
2.3895625826016187,1.0772157935390583,-1.551336577962567,1.83550555328843,-0.15398962796641497,0.5784488416519747
0.02355020184062281,-0.7162004855931776,-0.2607128888103355,-1.0642057931405844,-0.9645864283075444,0.02789390507793005
5.17962499140898,-0.3868103872075549,-1.0413183190113948,-2.599267476926288,1.718103853082564,-0.008031536232677414
0.0015415394789979272,0.0908338152620453,0.3636355761388377,0.16474221854863513,1.5513098342076694,0.36682800734470783
-1.1609104480881327,0.05440671885265856,-0.15111723073977135,0.2550398965508868,-0.04915639440481615,0.6548645642017027
-0.15447571982682545,-0.6691662989090038,1.1447286683810345,-0.06822970503172722,1.2239578571764493,-0.037616512247079924
-1.0967099996258416,0.4993644518201784,-0.0869145371151997,0.4799252636457503,0.01348344940616986,-0.14445296088895065
-0.4993841106072099,-0.5613635391263059,-0.15081367643433158,-0.8053735295520441,-0.6728151844649979,-0.46985987081501285
2.386076546315769,-0.5628212356624898,-0.7740556011289794,-1.3428183646929415,-0.24888334169569204,-0.04628193897072842
0.1332752955574216,-0.8707276346229834,0.36927476525880343,-0.39421863583087224,-0.3953008366439158,-0.020400021608032285
0.4702173073073704,0.6307215414450892,-0.9705492452461224,0.28832508455172134,0.47941147841823856,1.1988830569005768
-0.8421456758521813,-0.5465394570392056,0.7589567978397701,0.1260670794735714,0.43982763905587374,0.3156667234322338
3.6215609685319032,-0.3266645981953639,0.5721889662877792,-0.888594609655634,0.973146727195112,-1.0142489425194157
-1.1051040874307245,0.8370309945603543,-0.29590988016508474,0.07493873335592773,-0.25880149879439274,-0.22432616499044422
-0.15612081388001386,-0.06143091355686044,-0.3702225414939331,0.1343001476676758,-0.2581918611830487,0.7319545815456899
-0.6888920942064071,0.8068603970264769,-0.6154805465591112,-0.015260827352236946,1.0317003994606244,-0.767171875046717
-0.28108142105397754,-0.8079298417428278,-0.056265822222193354,-1.0463640822098095,-0.9392382344042598,-0.4374958166585268
-1.3088115922164525,-0.23438539888937193,0.08796479573522856,0.061066224362831274,-0.28281762274832983,0.18351636153655468
-1.112166344982525,-0.9440134470885506,0.552683313087716,-0.23328987107797694,-0.770326978724196,0.35518749191444693
0.18226597044916115,-0.24675842540019455,1.2018890670531581,0.9771609961339024,-0.2019776402800028,0.14134240800673842
-1.2094565388524579,0.1448890566661463,-0.18077630678516393,0.07592846097126041,0.09334665077874633,-0.12312795423860544
0.4348302550959638,-0.8884906042235158,1.0391118053916628,-0.2997508299454489,1.0306660237751408,0.5188231184521167
3.383276703393366,0.09314429742579002,-1.3580221814177764,-1.2824254284141356,1.0170913259974204,2.3457680158621286
-0.06178080301756282,-0.5178893979253003,0.2198823975462571,0.8300155042726786,-0.7594253923278933,0.5999886356356008
0.3273038400517281,0.3960453202698283,-0.4485560613583084,1.2390984760742079,-0.33359977297197635,-1.20526120222823
-1.2859060873867703,0.40983323996007304,-0.4247681819885987,0.1337749218455072,0.17028227390969122,-0.21608075121518552
-0.7184830638015999,0.5032284888527011,-0.7052417431800788,-0.025034804881625516,0.26305844517013116,0.12413192747531607
-0.8542021330111145,-0.4196834737583199,0.44654538798781684,0.44454824211434424,-0.276331996067682,0.5851909421485879
0.7934178244827634,-0.7065373305172975,-0.30419445955250624,-1.1441505791760385,-0.3941362049807867,0.34910535826311356
0.5774310068395434,-0.5844750148944367,1.0024394443504276,-0.48660332684688,1.7101990804145013,-0.6478848416186838
-1.1308902686563023,-0.3640392366761237,0.37901298035901043,-0.0753052479085301,-0.36886172980131643,0.2516891758970836
1.3197915126727875,-0.4396640661804783,1.1163026649051777,1.6667773401428039,0.49096126710914184,-0.659137664480387
1.2786631098003445,-0.7761615170785615,0.7652210234042319,2.6117227562030827,-1.7365850093107555,-0.4731189849346715
-0.04490915875201971,-0.9575426127646712,0.8423917937261394,0.1030824326629088,-0.12193626975137116,0.06641042108237313
2.7693348946273315,0.2328574178564021,-1.0090297055127688,-1.0805204852788044,0.2847389444524262,2.1569291179946113
-0.8273415086372682,-0.0457928043358054,-0.4150109523553677,-0.08927876157370518,-0.5261853571107595,0.05566296659894684
-1.1911885888781502,-0.45487199486488444,0.601145540341223,0.23840467865555046,0.14007070204919872,0.4143428206325477
0.7361145593555114,-0.5898387138106784,-0.7839101355494439,-1.5596522036880784,-1.0722143981162382,-0.12549257578740658
-0.9034885608856376,0.5380856310791147,0.6464550771784372,-0.32543596654603024,-0.6426960600597282,0.3766714063558007
0.07561042878589765,-0.18501114913706163,0.9199943969669228,-0.15007624842201084,1.446583119510192,-0.18545170095524394
6.366522642481407,-0.24189780357142693,1.5517729756028193,10.26832338440074,-3.396690072484732,-3.803984850482613
-0.5051395384607915,0.3266976586554412,0.2954072488071565,0.8858642596473764,-0.43825423404278346,0.4031591996683751
-1.3356130718210975,0.17346492953937054,-0.20934789597350054,0.20628323440445673,0.0039529356176683204,0.14822702930268136
-1.6309853722909746,-0.19261120866914164,0.25649011071737066,0.3883164843177194,-0.18096253539332713,0.4710450271779474
-0.7715581729555273,-0.06250033050115625,-0.3203020539014454,-0.19562013820227717,-0.2373303710027346,0.23747443027984372
3.6594915134363473,-0.3886577835122661,0.3781590324982503,0.4501987529698156,-0.09634520779245874,-1.0393651271915367
0.061151284692094035,-0.37259805263113205,1.1263726813594166,-0.26508829089442004,1.3973552033643688,-0.44722039867981905
-1.570120644070778,-0.18446340596736524,0.2274222373441227,0.3612870297232893,-0.1704898919720304,0.47847019502188926
-1.2331577232785975,-0.30501371070741395,0.1572007997238548,0.08694542973732017,-0.2728738881501565,0.3802654689545851
0.44897448782869476,-0.6064433776755563,0.22047781391731816,1.1897686748626506,-1.5729257011790416,-0.213878179817862
-1.580741295133985,-0.202269055218014,0.30977712215094505,0.3887343046993168,-0.08417421763914096,0.43977119628536715
-1.461810695444115,-0.6378319262786981,0.5131552988745468,0.1410533581429693,-0.5035898842864496,0.4935046408499778
1.2898691585204696,1.1922483528443832,-0.8846176875417799,3.2641336038989777,-1.4598886221369327,-2.1437356812477297
-0.7319044303511283,0.2395240075262343,-0.5088440521289597,-0.19403547699909285,0.08303080957578685,-0.1251497781038094
-0.742146916141411,-0.8013976415518314,0.5063517542309555,-0.16405227974081743,-0.8370466311010246,0.5123529295151908
0.9685954048787198,-0.6054969455452026,-0.4539899955149001,-0.8090495514251693,-0.405911579532915,1.5936541634260808
-1.1573002669307666,-0.3372714860681999,0.2961837979663682,0.05506713272787902,-0.0661413675391685,0.1708315669498556
-0.10464353421569857,-0.02350459862794168,0.6212559637015072,0.06051264512035919,1.702402639712484,-0.2670206310630046
0.1337960727453532,-0.8258772987429521,0.25875216670505574,-0.6460374875076291,-0.4317921423225582,-0.7061662734266153
3.756013506698347,-0.13254604073647888,1.7180132500152463,1.5490525230231798,0.6937095394972732,-0.028536968968125784
-0.37109110370502346,-0.5013791936401572,0.9538978030569264,0.08819858674351884,1.1272876931505749,0.1438711148861072
-1.2644728617077658,-0.3700864650365646,0.16953797641128418,0.023205443389486526,-0.3875182552507513,0.2938637415946639
-0.13531262114865245,-0.42509201007169906,-0.19094260697975662,-0.9450401770757766,-0.27879780412224536,-0.7661736268553684
-1.2881246235890944,0.6910212749520328,-0.6204286521552308,0.5924695477608664,0.19801583660816163,0.2802482351495139
0.4503667947543769,1.1403752703647396,-1.0672600445777396,0.8750302337441237,-1.2746116782820989,-1.6274638402199895
0.3359271089844513,0.059506679590179974,0.8174914358005662,0.9144234557473164,-0.27401580649709895,0.26499540315534664
-0.32800969498644506,1.1206684496174881,-1.36822192587507,-0.16981735630814415,0.6768280924923299,-0.2512103522513318
0.5347691017363788,-0.6902475773624944,-0.2118909324769108,-0.221655679469703,-0.8976778165971191,0.9597034693222134
-0.8521158886902799,0.1873695116019627,-0.24576325048661946,-0.0267302671679538,0.30141578327465496,-0.09263557812968816
-0.26728323262182024,1.065234556053651,-0.2500084112527612,0.7915298671637773,-0.7543578626856878,-0.6099498401084278
0.6939305797148494,1.4197319562842299,-0.8819724039173028,0.4561857593435686,-0.606587850448978,-0.9782708316367187
0.28070237813776056,-0.9721705460789895,1.103253350850669,-0.22878229980527354,0.8719367291228123,0.6743457337886503
-0.47626955970348855,-0.915167272121694,0.5782639275121901,-0.19560560214197037,-0.43702881927104986,0.3563908182048735
0.04265657551024768,-0.8742638164293636,0.5527086544233025,1.4758929357713217,-1.5756883045843673,-0.03735234501518884
-1.5786728987940306,0.19962621938219646,-0.05247085416042276,0.3660088721192198,-0.057455470607116026,0.30199956751833024
-1.161962014216515,-0.01175758242823608,-0.16604370929246215,-0.08833871676260567,-0.2673005201607042,-0.04687592423515855
-0.7937855797641573,0.1043176699336931,-0.6216406928182873,-0.4281407786787014,-0.35838222521873925,-0.34844789165676565
2.871464069057605,-0.27285231654824565,0.0708504782032269,1.0221396306380726,-0.994804976239248,0.38251052860641915
-0.3152156675395076,-0.784791944661561,0.51345501093342,0.17956722067819897,-0.7945334597592095,0.6560122845579981
-0.6781240266167013,-0.39135801855597385,0.6257787081886581,0.008607793219402065,0.6535563624038363,-0.035464598568518656
0.17016037676681323,-0.643759743705195,1.0636346787431472,1.1380826227486944,0.31572138379811443,-0.1415709343823087
-0.18537323978839812,-0.32330382762039606,0.5168336693761073,-0.16059764233753987,0.8530082846565916,0.03893271585958977
-0.569828895476648,-0.1574447456632409,0.9532384301605403,-0.6460859655624255,-0.9743805311696747,0.4746033793656626
0.17694644267512705,-0.8833287991335387,0.315169571408362,-0.9376750618141612,-0.1406102794425026,-0.3342695004270122
2.3629333465987368,14.336442635828552,12.239103609931446,-3.812648202800386,-1.8456508395007556,0.326881071771281
-1.0703735748573941,-0.5402156971495365,0.46433654998903157,0.5487065047494929,-0.4753497680415718,0.7728289253790832
-0.7221661379095368,0.3713149409818304,-0.4662811306117563,0.9380596431630366,-0.386757887889108,-0.01333301725967652
-0.07323350692293992,-0.6284649347941965,0.9382954131274731,-0.11425061712387032,1.0627372981124052,0.14438157928987366
-1.289199320470618,0.7059262149138396,-0.7255878105932675,0.352897492349643,0.22549121590185206,0.2937701623395688
-0.7439224493239608,1.2891048438594594,-1.2500794893949103,-0.08452485254194549,0.94774168060877,-1.0332037535709944
-0.0418453297133992,-0.6618378209527157,1.059165320969744,0.020126602517635265,1.0686094293777937,-0.1592784558673205
-0.9780861803737907,0.4762025362244689,-0.26829333339664496,0.2576703921780712,0.7061987312356099,-0.010809127801983086
-0.4955567926352751,0.17908936639122575,0.5726271769888772,0.2840913325006268,1.752700556765607,-0.3530032982575536
-1.2827724567060896,-0.547536633796807,0.587254916729552,0.3733372527050156,-0.3142966686041332,0.4774362767301714
-0.952677684722342,0.5145961352962838,-0.4086638126245247,-0.18618389151584475,-0.5146879448966463,-0.4149110025323638
-0.7448143887769445,-0.48095680431618765,0.31773066754434154,0.17569467473624045,-0.29442314885871435,0.7527732674450824
-1.6785346624124031,0.23470877697771114,0.06806175742783097,0.4192959259709518,-0.0664889756531483,0.32015627243812955
0.46112857295892434,-0.23126541563471664,0.7068333642564572,0.32993662914751853,1.3757731762504135,0.38216721592701464
3.1907734819125317,1.332505253134928,-2.3752684096312215,-0.36898729405460995,0.14506765494794893,1.1406679248864147
0.12458284676701953,0.32296197897627915,0.5208831814045365,1.7725411635357178,-0.8504096498134045,0.06092872235377201
0.06287489067094999,-0.7168650037782028,1.2268661806059509,0.6128031394354392,0.5365900176917079,0.17174196128144745
-1.1153999382523225,0.5957501952211302,-0.7224100326641306,-0.033436469326015274,0.12775157271956059,-0.3913256732022969
0.08001381254096278,0.6357655451944065,-1.5829235309770462,-0.6556024626005231,-0.3035695833418424,0.26694294236220356
-0.8903096389249894,-0.4957073069919685,0.10181275676051213,-0.21603543186207283,-0.4820028436779046,0.3482804584993931
-0.15521313729968395,-0.6627810445803949,1.062097424103821,-0.08856319233683055,1.1425958125541404,-0.004958783260540119
-1.2431788799568197,0.2120851769415582,-0.20701046314021965,0.24560234214564675,-0.22058406141616382,-0.039815163247668685
0.7042981157245662,-0.35856240475039175,0.46549857677019696,1.4626919708106025,-0.31818674741177655,0.16728974954056505
-1.3896297695201636,-0.98706020960891,0.804423331514734,0.06275246628537981,-0.6704155867032602,0.6418258790933765
0.5766600380273833,-0.8001022474450478,0.03178051284846651,-1.3475378293447515,-0.23854240546291283,-0.7446872974791965
-0.22411944668635228,-0.20060470500116862,-0.8645417888224952,-1.2102005695980538,-0.8663032374543558,-1.0120212586631536
-0.45026801447613746,-0.20594223569745662,-0.48961237802788843,-0.791029054902646,-0.4872212944284567,-0.6280992241412909
-1.0583640328951558,-0.29367783752530346,0.11682299953921323,-0.0015260311173745686,-0.19606367803694788,0.3167281916489384
0.32446288541612406,-0.3215837247894021,0.26141756580476533,0.9928142439152153,-0.3412221073864644,-0.31361027899619215
-0.5728545502633814,-0.029911510072487175,-0.3953593586222504,-0.4267008762381527,-0.13015416582918038,-0.23637523851483444
-0.6898097494479768,0.009862233273462721,-0.2314891482594034,-0.2765862884168373,0.11640330073001792,-0.2964601508803038
0.4050551977382934,-0.3673942023553839,-0.12115068218740677,-0.43511620248591976,0.20677943990936656,0.9808563866595936
-0.708498193810179,-0.14847824167184018,-0.06722082763213304,0.08387437143959811,-0.5149207954495415,0.0391861450509208
3.2766097154429743,0.5467454956112614,-1.2233322185075277,0.18165150278767134,-0.13463501936159633,1.1245326943312992
-0.3958014946947606,-0.7555651734486164,1.2041981369297878,0.0354225185342166,1.0002155248029585,0.14756384097532957
-1.0141115854288185,0.37338864053129106,-0.6272032868417281,-0.18733852882348118,-0.005917009651355615,-0.47996619370555044
-1.0036245101979124,-0.436765138904993,0.5500208497086405,0.05583906497222349,0.188039928694369,0.1404362951458437
-1.6116364553884444,0.4731214146835658,-0.37213619458187175,0.40942947724948897,0.13619972100865343,0.07639904681151294
-2.193114945190786,2.382047478643465,-1.6563530597864053,1.3643109792500658,1.1835968434338895,-0.4227505685380881
-0.5090124333570684,0.5824664408526857,-0.7258627464061552,-0.062110367956556146,0.5169464811268055,0.0419688785170121
2.147768106299122,-0.6581669655543223,-0.2592045321518526,0.05516671782488235,-1.0969157172686836,-1.2857172360866735
1.1156164669403579,-0.4743624298912877,0.8059778694526931,1.4668629579373942,0.1429592753760302,-1.1762163382750679
-0.8100108196864063,1.402375058822893,-1.6575695052902872,-0.19757382125307063,0.4976722301724678,-0.9458078070955908
-0.8092080819418402,0.5590855781628238,-0.502623487047981,0.26472526102811533,0.4768034540418229,-0.19465495657164994
-0.9725201773526136,0.6911049202846347,-0.7345999954594447,0.656342802785392,-0.04084017359317703,-0.21634648566491455
-0.0245403282497227,0.13832879478763402,-0.9700182027797319,-0.7052641089460456,-0.35205459758922203,0.09285315293566658
-1.1470267372991425,0.09738764445649989,-0.39355585438377155,-0.1384691720882498,-0.2654488774104183,-0.20093827756215027
-0.7386485615379145,-0.4353972831292969,0.01957627186960464,-0.4585934937344133,-0.35573432709373154,-0.2622734858247598
0.11718425484179142,-0.3835380305368433,-0.10762688309334238,0.4791075593883393,-0.7332342111317697,0.569354814128155
-0.1062959435002654,-0.7606397974635964,-0.07094686422569985,-0.9853587197334148,-0.8452337521677666,-0.09123199986408095
-0.8541971140000285,-0.41708407038121725,0.08335054338078933,-0.33151344123778265,-0.30972487653680797,-0.14307510210974583
-0.24541753347258066,0.002597725940944956,-0.5529340725017008,-0.4434355226905547,-0.12875433056260313,0.2408049920087162
-0.10517412422927105,-0.01542316122653104,-0.3796197771949788,-0.007284318447946007,-0.12391265284984436,0.24060231944991461
-1.0448971552859412,0.1587782916094705,-0.02457857874108274,0.3444420484094364,0.25731142806951696,-0.017181949515562747
-1.0543065711527817,2.0105296114965814,-1.7620634545813436,0.8251771946190258,0.9588277430957115,-0.5334911275696446
-0.610867638381697,-0.044818198388357426,-0.2728989725890265,-0.19342236719857134,-0.3194778886918669,0.6313124460008828
0.18818017384863678,0.3983582551433729,-0.7128566246969997,0.28833023313594436,-0.4139949764545349,0.4173671996036008
2.6799598903039294,-0.7325495163466015,0.19139564372250084,0.033632935500270175,0.17738508949391205,-0.5317169362905675
-0.05288215794179016,0.01517692791279519,0.4521242284163294,0.97251854985277,-0.7273546280996992,0.29814950571045157
0.20922426310425743,-0.33137504082955566,0.26877142693914957,-0.6889659092267718,0.8541232265531061,-0.8454901161381169
-1.5269683393445794,1.043866995184825,-0.9477260474264472,0.45777880660279013,0.38088541556071576,-0.03186944374616725
-1.064782641090368,1.480466548673669,-0.5062611795189778,-0.20847666613445143,-0.022829371691041923,-0.5214587970498367
-0.9939795065172595,-0.9274015796231897,0.4429775025750369,-0.3755211362990859,-0.8169200586913528,0.19187914726244398
-0.15465028723833021,0.20228181310613816,0.6325632066854104,0.4896591375999333,1.531076041589252,-0.39384904304921625
-1.0843492825905043,0.679411646523626,-0.6335421212703454,0.4729101881501531,0.29073469504258714,0.15989782291966564
0.1121436624287193,2.3617353481479615,1.7034139483520392,-1.0500297263486638,-1.147551569021529,0.22039087139697433
-0.33623971913007955,-0.4048159212450126,0.025588541826130903,-0.4589483343091895,-0.052352983318904055,0.02330554838694634
0.14810933783104346,-0.39221752745471583,1.004626568400714,-0.17540483185783876,1.7842564012232158,-0.5717232501175008
0.0630455081843306,-0.46741641058520367,1.142552952691656,-0.14838880798002266,1.1556011406432927,0.2010006542047708
4.418513600855642,1.888215426617867,0.046495332477683574,1.084854983825635,-3.295794679891506,1.778176820363631
-0.7345104637979503,-1.0171572656484016,0.9904334521457514,-0.17781279331477454,0.0014249179267974055,0.21804389651735076
-0.5069162747979749,-0.303271279257006,-0.5032973857642625,-0.8067725375808357,-0.7336087701087622,-0.4552497366206206
0.56978376829828,-0.7475310644169872,1.2715490228956392,1.2187572782721467,0.2213669474597438,-0.5857678096363174
-0.3666615618621419,0.1314325811291664,-0.5266240983677429,-0.3695090735954619,-0.020764941547190347,0.11772005674362632
0.580594834975878,1.2027964864698582,-1.721399487579892,-0.5742907182853917,0.7975246367780237,-0.084630020825781
-1.0195788742625713,-0.5987679017366909,0.40299075441336146,0.26675650572411475,-0.49212027476855075,0.8145363974567484
0.5660947511859236,0.6338887526184951,-0.23460496925641885,1.1524401793479195,0.23225092181073845,-0.23329577497050497
-0.7129074120609441,2.1997022205564796,1.4458960862390102,-0.11793253035758172,-1.232899474013934,0.03715209610393262
1.9877491772189373,-0.05228725821720089,-1.2813010321239342,-0.9944565396384968,-0.016319114369723206,2.1627031507957155
2.5443292113762483,-0.6266853712761782,-0.2789656581717553,-1.5118827095368585,0.8960320251600574,0.5845925868027235
-0.6651792629833754,-0.3848458273292168,-0.2761982224001633,-0.6741568112497937,-0.6498594517013879,-0.41827249165901964
-1.0850428652063662,2.395017823283122,0.26187773276431375,-0.40994644637618766,-0.47966243751487564,-0.3485232796780403
-0.10674655953504933,0.5739561653067958,-1.0161393953174838,0.4409474255355972,0.1527223283852257,2.5766294119165924
-0.6717924993118324,0.6851234144162942,-0.5888054495265893,0.6073153894986166,0.06916313467909567,0.03359974609566465
0.413984203450621,0.18251945705599074,-0.5232666626432806,-0.5391387106654999,0.3136091597014707,0.5198522312654229
-0.6532094220887756,0.9298668915111471,-1.369608216385012,-0.01352412319844107,0.07162273861991529,0.4229433085048097
-1.2053566382468586,-0.45601318734848684,0.23636168239289584,-0.06806312804904638,-0.44368623448214933,0.21394187869743117
-0.3562450209071441,-1.0932815738091128,1.5041539199598535,-0.06914475565261587,0.8530527887892475,0.14255616298221002
3.4106477073613712,-0.32685384450088606,0.4313417884543563,-0.2743269546588257,-0.5035978129714148,-2.9793844736049926
-0.27704022957175634,0.0072010956653271,0.6455571806270938,0.5751014605698137,0.5107036805862195,0.21295117533306562
-0.9583249851665728,-0.2490529873345178,0.4675224014654469,0.5125703641792622,-0.12871191713805855,0.42390422951044937
0.609383390967384,1.1276866263166565,-0.434732485155083,0.25721375120794104,2.3919702830021863,0.477004892052188
-1.4040781929781982,0.5281787183811214,-0.1232166864527874,0.9295869027314622,-0.09093104324115457,-0.002477927746981189
0.4114786947171097,-1.0002775677427147,1.4070776166149632,0.33872314093089195,0.6392446442080162,-0.13808301372447612
1.1168256375447025,0.2055271228259056,-1.407745694471568,-0.774687355042945,-0.25570730886201737,1.622528759887512
-0.5405241257927172,1.05874781025728,-1.2186803021508574,0.6302281531412339,-0.06411319868721756,-1.0986687662440524
-0.7917245424570724,-0.3727389678357538,0.5642445265857271,0.2604935688126191,0.3580450614394464,0.11428110812850688
-0.0708684176719399,-0.07372251639195197,-0.14452543362520467,-0.5315181643653932,0.22863019874359386,-0.8645511266886624
-0.27349848614957933,-0.3722336501465016,0.9516168329968049,0.057016120250196485,1.4450348421756296,-0.18757046164629335
1.3969965108065436,-0.2485105672962453,0.10311260414119182,0.6451333446540363,0.5847924888275153,1.529311922708267
-0.49516432335948934,-0.8827174228897866,0.4994043696893309,-0.24412311039707846,-0.37577685718741133,0.8455520956160868
-0.23636467362562474,-0.5729899190127415,0.1372625813153838,-0.22845251319755985,-0.31218427925116055,0.4461828763363756
-0.5382069297292568,0.1251046596261907,-0.565709682937325,-0.24926096979911214,-0.6087206383795001,-0.5727381060465795
-0.5680420124008668,-1.052602402924295,1.4012330553918146,0.1866808253029767,0.4180721968169504,0.3134486522705369
-0.09963803168778805,0.07706038000798841,-0.4621688574233945,0.0785125241093983,0.027311784300477628,1.0389403811748192
-0.050003653421913374,-0.5041609362371495,-0.7643029366958001,-1.4605645059684125,-1.1712688341141306,-1.0328382855425187
-0.43921527671256244,-0.8988614875084515,0.39366053767808,-0.1001580302755818,-0.936207758191444,-0.19270743138073046
-0.7564225413236357,-0.5197170411872243,0.06407489559929103,-0.28663479686078835,-0.6225836844493641,-0.20275664893371276
-0.08776870968403629,1.427665172960787,-1.7518028954529399,0.2100449958419534,0.7250275833699436,1.1226164961118326
0.5001528094834744,0.1506966338891828,-1.4504331527305714,-1.3406261108583741,-0.8379114997588535,-0.28197397602368185
0.21911692424650173,0.2507611181398271,-1.6205237669190107,-1.4939489348038877,-1.042835721210549,-1.7015602894626545
-0.21288848635217655,1.574473005585567,-1.0723648259422014,2.379664402027264,-0.15269048226567322,-0.651766941303877
0.29477661287872453,0.9702865843742842,-0.8910105168851806,1.5861674911774506,-0.32531565423426406,0.4222904220031482
0.006357503544598767,-0.7716335551066833,-0.33301292776649466,-1.3499132159608922,-1.0458944715835845,-0.7246656941687524
-1.4310132878802497,0.3322566900474624,-0.32125318878849296,0.2927236011324018,0.06622312782121717,0.14127120383362582
-0.4092019602454232,-0.5714693038713334,0.5868609122347445,0.09478485617017066,0.09301241275462636,0.6263624100491484
-0.8949906749160013,0.26489303568794126,-0.8093232235529394,-0.45494286003989676,-0.39336838873783436,-0.5742408433527348
-0.3962674863298069,0.05358285636777214,-0.246005430444069,-0.010162896478287047,0.049264242552765854,1.045091405410857
1.7890171205474839,-0.28218688147294235,-0.6892883386462291,0.6929231436373351,-1.2353895945093545,0.0504854593318944
2.165999605849293,0.6958908601511244,-1.3475485833909349,0.633913315052854,0.33249872264845404,1.4180480798194721
-1.103377439723489,-0.5458168078123709,0.735661321610649,0.23344676218257762,0.22965631354854432,0.45039076942965356
0.7584677504175702,-0.9997605566628067,1.3985560137851933,1.518079449907886,0.061087983241246056,0.05137413944842917
0.06663375212898309,-0.7908609702217148,-0.05739552929322805,-1.1276577851062688,-0.6914925936267232,-0.4042484579809454
-0.8696145749468458,-0.5013571747587442,0.8486127922624376,0.17773488165911788,0.6491803239628066,0.16193673481071774
0.6470347377701822,0.6091618137197685,0.015657927501154533,0.706747231163745,-1.3652553047503566,-0.7439477292381301
-0.7394715304514214,-0.28853792436347236,0.00017293014644940093,-0.3677959020309727,-0.12391666805411736,-0.3024852510834783
-0.9388074240107965,-0.16513535643295432,-0.33290274091278454,-0.3999076759062322,-0.5161960588941521,-0.27110559894372876
0.927678469820858,-1.0586972844769253,1.5581274357353965,1.481037154468764,0.20023177209803783,-0.6761308533243857
-0.5046333923578776,-1.0298804664679084,1.132601594309407,-0.1429311003734481,0.3324514130813601,0.29836708576183774
-0.8215274477824777,-0.6400310637818132,0.9013502525188182,0.01442823921688601,0.2614166801380631,0.2849439461673989
-1.3015771219865317,0.131616567152649,0.008925954199275042,0.41034568102496494,-0.2724256101883403,0.4319910888535495
-0.9863188027159733,-0.5417761481298257,0.2507578136590397,-0.21933928389607116,-0.3866871930571564,0.07633504356175011
-0.1661622808206145,0.6993137731982565,-0.862781678776367,0.4564188245257801,0.38814770610723437,0.7452364060318486
-1.0257892391896624,0.19269591382894538,-0.2518878906839537,0.276876155322577,-0.35682791380353684,-0.166435248403831
2.7755019466624584,7.907101613521418,4.281900248646016,-2.082053829077562,-2.3367438266030094,0.3294053280558096
-0.8885039690729634,-0.5242680717553538,0.2708429654042366,-0.12805240896819967,-0.5556514184544071,-0.02506916905781117
-1.0114054486641857,-0.19746629566896787,0.4479792732299839,-0.029347710625164673,0.002794798708348907,0.1212580298455022
-0.6809238484271195,0.13094503310920783,-0.7342441565902327,-0.46097025929128543,-0.4748378944425861,-0.11808719748183273
-0.36333659942428936,-0.5173819184836984,0.19193963049337884,-0.6431454411913248,-0.7310345416776439,-0.39069358541002047
1.5653891020833441,1.0872293990022963,-2.384544050414867,-0.42245046475176223,-0.06917345614366292,2.2649479471318616
-1.1673170859965578,-0.9537591293870465,0.6576701501394564,-0.13828504991189117,-0.6947075804560864,0.45210684676943474
3.1383888294803244,-0.4306946303110115,-0.1262301292456541,0.2681102834810994,-0.9432619963360798,-1.4250520495678232
-1.08055284940073,-0.23815127420720741,0.19038014025312183,0.0900474222542246,0.0023419743461215847,0.29755973314607476
-0.24955085386457346,0.03280660757222168,-0.5405386877408801,-0.3776788920470689,-0.13989498914703363,0.4394685747625242
-0.30137273030182204,0.5403195553540838,0.6909409452105754,0.3820242897103291,-0.8916832075448381,-0.015592694872049043
0.42184156971040215,0.6051791001688415,-1.7138572737222766,-1.280701540983267,-0.24699606953880213,-1.0349039935410855
-1.0172907968266416,-0.48883328721801084,0.33986229707211957,-0.11354376891236632,-0.17627228252399987,0.06979578026545838
-0.23450938012860467,-0.2790717593548873,0.9150465499901926,0.5115333525468053,1.2670600797532432,-0.09900318288235792
1.6918448381590232,-0.37167359094916447,-0.06166591584855667,1.117966973032445,-0.6539016585143799,-0.3061963979706835
-0.35850904680017365,-0.07059342461439859,-0.338460931979522,-0.5089318164593846,0.022261657787770426,-0.29962562714662105
-1.0797254075511584,-0.5305847189516294,0.1661892711457453,-0.23899682280001658,-0.5515609178546403,0.06325774439766978
-0.9557779318087609,0.27609076593219917,-0.30607613685655194,0.024972666946650655,0.27420385114534884,-0.09063054003380076
-0.4048287699713927,-0.3275482221790487,0.6565439057060525,0.2452191449530954,0.7001931010073063,0.2966767784028058
0.042352696314664984,0.3713433002672406,-0.546269594345696,-0.026771338252512305,0.14462194035962153,0.07608247656630156
0.7170583714703384,-0.18949664515543055,-0.0764258567424119,-0.4682228986991396,0.8227398500361153,0.628181302162568
1.4348680014313866,-0.6025096447236096,0.7053799561290843,-0.7391878441408611,1.7399060099925527,-0.012133635973189179
1.1254001698530236,-0.3848335957773202,0.7676847789063757,0.34464072135282087,-0.5643191409375818,0.319762845541541
-0.2898791769686164,-0.5939393116239688,0.558544174194252,1.7556913567212558,-1.309768680647527,-0.1317908108549975
-1.1389103562942056,-0.3260459764523421,0.3595394632471822,0.9124335143558335,-0.5653525085484179,0.3013422695523989
1.4360508391598765,-0.7448051540390682,0.06960915474669462,0.5878816553408739,-0.9949923880945444,-0.2982329649088887
-0.5805212338014016,-1.007495482865009,1.0698903392830759,0.23698034255357328,-0.09665145829676298,0.29930774361923457
-0.036360982950842564,-0.6483753850420545,0.2280512429488139,-0.6509182839198273,0.0035799713308210216,-0.06791007073586133
-0.3902904420278101,-0.12932247394756266,-0.30519877441332116,-0.40660063129883994,-0.08136056178027491,0.0758355222667733
-0.2785782208557121,-0.5804477344371681,1.0566219395971985,0.2725019086501875,1.0362994425655268,0.2060733702560188
2.361164134986821,-1.0986228948429912,1.52458045625765,-1.499675802843133,2.7764003070617345,-1.8482239214918583
-0.44698890667333346,-0.47333224479692304,1.0077383928966637,0.07784363666288713,1.2122748343408538,-0.11343450177494054
-0.9163279718585589,0.2636525953124961,-0.4093115069090758,0.2458572324273226,0.09285749999543891,0.8224738013950693
0.8302626358536274,-0.45859747328843736,1.018262838155693,0.9329716185513891,0.6050940568558342,0.013486266359859283
-0.34400984424528197,0.5712420986930248,-0.44564248479878005,0.7199306002943429,-0.4522951107924438,0.10370247853422111
2.283923425032059,0.025767181720088322,-0.4199876630789256,1.637601423501842,-1.3103037762500294,-0.017524856725906344
0.7453039203008256,0.6812566773459265,0.9035810879259192,-0.5309048806507947,2.2909829960814103,-1.195338366983059
-0.7094770892525633,-0.23225993090801642,-0.2974690941967994,-0.4943006328529323,-0.4403630718926968,-0.24914588400031445
-0.6138044645970928,0.21000832354100676,0.5153376614197607,0.45140620045431007,1.6131611316637142,0.09737629667164026
0.23950999036328235,-0.028794122249387405,-0.9646338958425599,-1.2174549557422134,-0.41816322250281673,-0.8423247460113852
-0.014576236971223965,-0.8565301858816743,1.211306442933135,0.20073249915244118,0.7902481610268653,0.02878538036277023
0.023876976430424718,-0.34869075503952845,-0.20597385452564493,-1.6124125477572173,-1.4655767335664762,-0.8501844036100267
0.20842427651849285,-0.6334181837881133,1.3598157859725446,0.46824518582052016,0.5404415734775115,0.028685720430522012
0.5842723556496013,-0.8937334243824571,1.0576879590763568,-0.3663779087091614,1.159429174775603,0.41648861377291446
-1.308148896318752,-0.4190622484616826,0.35838574674462975,0.12209174004966909,-0.22685279870025762,0.3230014087621995
-1.0613011448186633,0.5710139704818115,-0.1399525592493562,1.3945908729959753,-0.11826496247314017,0.43311336068721495
3.2689983216223153,-0.24726366177516207,-1.984294357259487,-2.113781573979903,-0.6846600766467913,1.1224436619387694
-1.0479043207300291,-0.40386177144048446,0.2331047538780259,-0.045393767270627515,-0.21259467601904872,0.24541449647723756
-0.3778821406571811,0.03956327270894107,-0.1658113608872687,0.9960217728870865,-0.6743984924659261,0.3911761092503171
-0.7280213763148564,-0.23925621561958355,-0.2224335043818689,-0.4656137841087049,-0.3491574582045048,-0.30475496432215704
0.184236386182324,0.04506676064462788,1.5127323546604101,0.4282040534188044,-1.1875364384911093,-0.06370850033511741
-1.0674428210208315,-0.5970187783599055,0.5740196050559451,0.010357431829288348,-0.06735307372168835,0.23140292179539038
-0.5238807508642299,-0.1734990441202988,-0.5224394942987889,-0.7574034724213263,-0.5253554290379071,-0.6108823804000187
-0.7716888237384267,0.07544984657966916,-0.3537106417231394,-0.37996681470378996,-0.08318946349612882,-0.4869288729740357
-0.8322458501869441,-0.7070976028075311,0.8754918533203341,0.08242028054484825,0.323058424821837,0.37192936296305795
1.203853424633798,1.0422478597065095,-0.8281360809886844,1.8035486915482988,-0.03311725677473092,-0.043471212636000046
0.10588402002592742,-0.14029640778058983,0.6039095729974922,-0.1983450884023357,1.617234738104414,-0.547432464045741
0.7713515768717472,-0.5026497010142008,1.0171521272776898,1.3871057142176422,-0.05259471427123956,-0.1916239162727402
-0.12810897511190988,0.9459639106424421,-1.7466805506446215,-0.41910218623142703,-0.11971635091978632,0.33787165775120337
-1.2110717412555372,0.17892412628791274,-0.3287146692948396,0.18199521455748033,-0.2732418072654035,-0.12143108087765682
-1.1389094866894236,0.040986474255563975,-0.31271276548469523,-0.13077640638661503,-0.24380007207047272,-0.1823966756339637
2.4397442854098337,-0.808502687702025,0.80162632804345,0.552121025304279,0.6969148131419335,-0.034118566924751854
3.202037268150203,-0.24871351111164694,0.27887100571229007,1.6640427677451541,-0.07499885567835768,-2.8989283210105974
-0.5548980781433338,-0.3254790078353564,-0.430406854701603,-0.8067027943399434,-0.6877579162132432,-0.5841592780258188
-0.882610283514868,-0.42971566879217404,0.6194326459729547,0.06056486522064404,0.33901059312211673,0.17403234402975548
0.23090874385788085,-0.2552868315908391,-0.872484494141351,-1.3124354556267348,-0.7046722359958153,-0.7502272826470429
-0.3582426645650377,-0.17264043904932438,-0.13422645078974813,-0.02274374479358524,0.03324694392760311,1.1015633484808076
-0.8129473870538892,0.2567830084926819,0.5286733245584767,0.4901165925476782,1.6121740715491923,-0.1222758411736093
-1.0370211589503886,0.23564073214105505,-0.42722991129803,0.08877993608151538,-0.02850819422278327,0.3248594477533461
-0.9910782741405852,-0.242377929046523,-0.11570630255175392,-0.09242195035465124,-0.41333118483961456,0.41638345006451455
1.800028004533942,-0.5914067375294954,-0.8602092805324439,-1.314486932937999,-0.9568631701527404,-0.8000714309606433
3.254743734743929,0.9860041303142413,0.6891896809356288,0.26156567926171753,-1.9561666359099439,-0.45699495837297327
0.6469754091613032,1.2262144477764219,-0.8593775741177831,0.8352676461166775,1.2791356401172578,-0.9394658604818505
-0.03547884257203166,-0.4824332725888301,0.7217472668398631,0.3506145792151992,0.09480699211050637,0.5097468803317717
-1.1288451718223074,-0.937911349964228,0.5669773977058347,-0.15741938691354843,-0.7606858663113404,0.5334102797906737
0.06573540095575348,-0.8312709483330044,1.036199344820763,-0.12123214711153496,0.8978090066952096,0.580056891676537
-0.37489186876324454,-0.032730122146816816,-0.00993911988166031,0.966045937566655,-0.546766471693909,0.16802464580821275
-0.10840515401610364,-0.8177190873880855,0.10178425780428509,-0.7063722941528201,-0.5715132240925466,0.37038862417520524
-1.071684804193903,-0.5047186049419907,0.25349788469463574,-0.12856352190711526,-0.37672177783936095,0.18032399569096277
-1.1013442063190748,0.6957685653234669,-0.6919474080947045,0.451486147478425,0.06285627711737285,-0.3934078019176032
-0.03323288918403761,0.1274067039249081,-0.703034030729615,-0.8248764938918549,0.08080281519077415,-0.78008338058146
-0.3989644491949173,0.16347337662442676,-0.21388621666846866,-0.21129563807205126,0.6064383383133963,-0.2466300781263798
-1.4977413259077483,-0.33846796451642175,0.42008396583784263,0.48297878363352387,-0.33023176788764497,0.4296877149099722
-1.4411275449513195,1.334375340176985,-0.37067586720668316,1.0678691545409256,1.8201503420606202,0.0927510628338001
0.377022082666839,-1.0272156848644347,1.2371040195756826,-0.445139571687192,1.072154773882403,-0.019623948276389358
1.804523559342018,1.9795329052606316,-2.6994146555567435,-0.26826806362580047,0.34565632508147337,1.8095547173068474
-0.843731435709009,0.7707713858579586,-0.6584555756318999,0.4717078387287748,0.5716945848273504,0.19710630161178513
0.1812364260944754,-0.5511075377291894,0.9296599999567897,-0.16795048335880602,1.3618815774887818,0.03385686976620316
-0.050137965236056736,0.7465821762684336,-1.3872958754338025,-0.6379774561895751,-0.43251604499793117,-0.4450951649934293
-0.9280787236315925,0.005655967378740233,0.9128880906023338,-0.27298776727168755,-0.4176171998422809,0.2089113553737873
0.05718184304189507,-0.1754761053713913,-0.8094422710193376,-0.9886622208884429,-0.6112678134515744,-0.2275376893127715
-1.1310503114666577,-0.9782439415135814,0.749385579145464,-0.11443132435362381,-0.5551884822322952,0.4142628081410145
-0.6670298779403728,0.09639629763139088,-0.652939224752645,-0.4097150806432379,-0.3542859920497837,-0.09332328708103368
0.2591150536767673,-0.6914737253872276,0.991694951383004,-0.20552699454029374,1.2348372608678782,0.22703815871573327
-0.46153815870657394,0.05840887363664119,-0.2903656117444084,-0.34337601419745195,0.26384642364781574,-0.3012410461282396
5.8204261819480605,-0.1635437159326398,-0.18604408988350127,0.48786850745035115,1.5505461844015773,2.735518539078537
3.8403760138238714,1.0385647807919456,0.4017310981224858,-2.4419001027061387,0.6394510299648067,0.669166432652712
0.05439925300577201,-0.33684008688364414,0.044097701388553616,1.229011271280391,-1.169461294359588,-0.5589061841375202
-0.0735722733539322,0.8984412612062912,-0.7942167152505697,1.97938408205678,-0.41178703414062917,-0.45603718151462913
0.6868932985708415,0.7131671707028683,0.06762343860258452,1.1839723605696628,1.5686543820279346,-0.12111779891135692
-1.1195649276058928,0.25337951331971476,-0.12392150602126142,-0.03324099620033439,-0.09039475147862824,-0.026917086724965227
3.579730710357701,-0.6054766718451937,-0.15330057858302876,-0.18961074415636278,0.4382019720356059,-0.042518181157352876
0.5927689511279115,-0.27316244491000236,0.1305504722946083,-0.06241924244498702,-0.3194076600038149,-0.6614632162965549
0.19880835253474177,-0.3971921894672936,-0.4997567906547328,-1.188955789533084,-0.4278942306898772,-0.7555251990811301
-0.5963282374780271,-0.15940957552023244,-0.3046542488574981,-0.6238882393610785,-0.4270071210986908,-0.44190936449891927
0.9907285111357963,-0.5586378900357455,0.8515875227663611,0.028815187879065132,1.1812306483342203,0.679413312657845
0.016819294899665594,-1.0698205479245766,1.3709521379176648,-0.28645606688559866,0.971840577751126,-0.023672955513595714
-1.0292251959848426,-0.019724604934013328,-0.25796539405836594,-0.16788384209939056,-0.20502006005820742,-0.14718322513711868
1.2953831971542766,-0.6034351176475549,1.0793591643259817,1.1542183293612849,0.44498627911456906,0.13774310889055008
-3.7267529958952275,6.9878713152614305,-4.825617884282327,3.401061359905532,3.9573285076603297,-1.1299317505313502
-1.2621529723787948,-0.38268258010730516,0.2148981308166868,0.014740839112909337,-0.3358095633842368,0.21359088317668473
-0.8167295794244284,-0.08169259179645212,-0.06049017244537336,-0.19270809421720042,0.12010671508048783,-0.25151652180661027
-0.346124011674423,-0.009354104338646172,-0.242253922343888,-0.5293689042696659,0.3127983060890013,-0.6951997719943971
-0.6022951816073976,-0.49256762619098815,0.5801121907328322,0.05260325830727068,0.4111261154254185,0.5201106206392607
-0.33335437489416914,-0.2619207116774929,-0.15931051711005603,-0.6625453292079342,-0.021979402426378993,-0.6159747099042406
0.9258109640440634,0.21598568556294548,0.5401603563923686,1.8828119073213017,0.8571251297868607,-0.5002512277177529
0.4630993020619889,-0.5123062366355882,0.8388855160817298,0.11822371002307526,1.1641682519241758,0.06607478859881515
-1.0433876809720188,-0.49041263168961646,0.28630383936848447,0.045903440980085634,-0.31936762490643766,0.6568018059307175
-0.9024126614691844,0.20866216099987434,0.03933140034534579,0.30588950123720593,0.16685820199083282,0.24537220350084885
0.4477742554920588,0.5618145320543638,-0.8281456224120599,0.30283423096883183,0.28339147135391235,0.7278993983943883
3.312534456676637,0.1453829329572069,0.07335017754981758,0.6584351290177677,-1.3775143404890375,-0.13792146364053598
0.9072246497882328,0.7366554119104631,-0.4824761562651861,1.012275158211481,1.0397985056164996,0.3552587972181611
1.3978414640425652,-0.20361512641229654,1.495418649537486,-0.4066208323691448,0.8324064875490457,0.713898317964055
5.886129273271387,-0.35386115545765245,-0.6278591048962165,0.7990550801744424,0.3836482527279684,0.6579832711209498
-1.3030141698544409,-0.2328308253907734,0.07270601560261712,0.04310235980474405,-0.29680821565007487,0.15776715381316977
-0.05905817626335694,0.6782645944726878,1.9081750701080544,-0.3537976419801209,-0.03518170002395876,0.40832976118941494
0.4087272549307842,-0.09033057175753807,0.3654834180326718,-0.1187662612881636,1.3638102832411865,-0.2698442151064982
-0.7340555222615007,1.7938365852803455,-0.6839987314213329,0.7064228911565104,2.71543924030153,-0.9398451330265423
1.5060839118818472,-0.5062738838279655,-1.2343711660895362,-1.626825507719546,-1.110416766243378,0.20658382060754946
-1.154775035973789,-0.1317791963825151,-0.060465360750165065,-0.007272566239900642,-0.21482488153869872,0.13975540564973443
1.2106158162296874,-0.7209980962821328,-0.7794719015809051,-2.3005696539387532,-0.7084306867474416,-1.9152680043008459
-0.5525807434102625,-0.5658053377139415,0.14020071686800917,0.2926832826457213,-0.9268828726247714,-0.05486589254603385
0.1945159301149332,-0.6501712292690217,1.01993858083732,0.005996418352796548,1.019093539386336,0.2576565121955862
-0.7241894589231251,-0.5184011742871866,0.28944197012116407,0.16450928870359477,-0.6480200517578129,0.4582896110115183
-0.5351235191425663,0.23187484400484265,-0.9615783240528918,-0.7788630695871688,-0.4301877045086793,-0.870065521468357
0.8087975733903411,-0.7603383231219408,0.2720308231040557,0.07055498330754248,-0.6912571220394358,-0.1866135136326599
-0.26843499115201963,0.20395067996512703,-1.1213447238146168,-1.0381626619075055,-0.5991283437504411,-0.9679926215651683
-0.9505298290168476,-0.5133840489172528,0.3307410061255152,0.0716600929988192,-0.2519016657863672,0.8055342038935795
0.020078604578357664,-0.33713823089572226,-0.007032661336323944,-0.07785261363182569,0.04107016359460166,0.8351465305719312
2.1847814897881777,-0.72188487789556,0.04632532871481808,-0.21397670091331011,-0.04352827600992563,-0.3074632242282272
0.31990235217921714,-0.7628722689636327,-0.2523698001715193,-0.8591561318917539,-0.9915271365993393,-0.356245200621089
2.0001831589896337,-0.7527707255272433,0.512112564487234,1.0761702834185578,-0.4145765538418583,-0.13654930934148538
0.004612130307215905,-0.317857643371209,-0.20012023642003618,-1.138226979649244,-0.4166297239307429,-0.8963293735116742
-1.0268576062116925,-0.42786269572883834,0.09519443632090113,-0.11843598903485555,-0.4571827493020135,0.3660072369556493
-0.6247295106354113,1.3577006149760436,-1.6638802843172806,-0.24543227268956896,0.19458780805343717,-0.3780242609325209
-0.511690856777703,-0.687070222278341,1.1327120400345267,0.06338554802655676,0.9706007108465233,0.06136990784582571
-0.811916017178968,1.5088823039066919,-0.30663353700053,-0.46770682537447483,-0.13461477713096553,-0.6505728074742635
-1.2534300513936762,-0.5607928484253807,0.3470406852171985,-0.035440180573497605,-0.4616077483890959,0.26280753250583366
-0.36902792255112127,-0.7648623955740915,1.2211327345279022,0.03577341058578917,1.0469747886194238,0.1352927294129487
-0.02812458438273312,0.4564310168200074,-1.000503021064419,-0.20833605429104912,0.12688286072657964,0.8901051473961744
-0.8436342298334907,-0.6349992492896449,0.38680087360806814,-0.26963476368393363,-0.2588914842378022,0.02622732994942844
-1.2198650213449864,0.583372483225198,0.020180260876558862,0.4635481734493081,0.6752032296239139,0.2645796380109282
0.3723599120262969,-0.224652289751493,0.736242587790565,0.07782321152029523,1.6446526446284209,-0.07935032481222803
-1.4689554739636637,0.17965094296699718,-0.08643123779784405,0.2971857015077359,0.010857305008002643,0.1950685930847296
0.7534738142181975,0.05797453181127332,-0.3644637351787675,0.48979981078662566,-0.8059902496188774,0.24524314105794437
-0.2855823827692084,-0.753164182867596,1.1767357091414654,-0.04626885209177461,0.8501330108829682,0.2917910989364729
-0.5775088520818965,2.04945690848682,-0.3905169803978546,-0.13210735370481785,-0.4143429682742474,0.3291528552256478
-1.4018821208997114,-0.14278629567199683,0.022787299677958634,0.11586084015801777,-0.30779518776203674,0.20859235760582245
-0.7290670411112916,0.03606864917007216,0.0897665936297368,0.3130096612857524,0.5428559196278672,0.8188182169353816
-0.1871495174206961,0.49283565889856107,-0.6342233089003644,0.4810292859478841,0.21644149943138388,0.281410206638573
2.4831567801317576,-0.8379187236469672,-0.054153096819649506,-2.533567651579209,1.02160307350232,-2.5640837233010294
-1.221397463089379,-0.2894699493223167,0.07367998051274696,0.041343511342558745,-0.3610807848569871,0.3713173651260695
1.6447063177890353,-0.39436868690710764,-0.7699387157296483,-0.8459374515052793,-1.0784218728676165,-1.0449463549303726
-0.37536246092219205,-1.0065350706164335,1.283575202320151,-0.20146737799838568,0.5242846390437562,0.1277457931937848
-1.1251133146889998,1.3922757002629655,-1.6618148863926507,0.0678064064541442,0.1186450781443715,-0.9803781564997934
-1.007471295261937,0.5979678019119137,-0.717991282196451,0.15907062950825923,0.22579817165841112,0.2122397357700149
5.954839362760846,-0.041521181239237655,-1.2545518105105233,0.29870673717325374,-0.17165487165735505,1.4816129792847388
0.414132825964712,-0.969486328201079,1.4319585904344938,0.48120128663276657,0.4713949031603993,-0.2541794846053316
2.0090334686131626,-0.16244029598506823,-1.0599201351066239,-1.0967297046397753,-0.20942374555478394,-0.06154441874975397
-0.6813833077856236,-0.6075625900142679,0.22756414060902846,-0.4482120411766259,-0.33118067996982903,-0.14087316915160367
-0.7919436499318064,-0.8025233517251371,1.0766745182547224,0.06961117247613782,0.43184601945336154,0.2919104934027525
0.27384226456887356,-0.2356575375956363,-0.4515427576056591,-0.9169330251879092,-0.03985615794608945,-0.3424173949199439
-0.7446437483861886,-0.25612398597150043,0.08100119330461152,-0.21461318906088497,0.047423800437427444,-0.08219008227715438
-0.5978424126846266,-0.8929535316183349,0.311919468276437,-0.5849975343889942,-0.6877247145219597,0.07432600542574065
0.7835750546347005,0.7298000142942245,2.9315878121348256,-1.124720184386794,0.6736184837032089,-0.35441790072516643
-0.38552238288959984,-0.2801158828678118,-0.06520778216099261,-0.5945266591072386,0.05001913821982436,-0.5885428497355187
0.3016649102379452,-0.5768109675134484,1.1081200447122594,0.8963010855228609,0.7629330588901077,-0.4282962097114682
0.4627158901820374,-0.48517658500285554,0.33353288180187646,-1.4839798778738769,-0.4697019790676265,-0.9538877109937074
-1.6519676751979198,3.7399375634444594,-3.090881090988264,0.9005877302603448,2.12435359448006,-1.482909875268208
-1.4136716915585275,-0.3128429498770659,0.2032553013420951,0.2113040990316901,-0.34492827812065674,0.531352131172726
-1.1325235401459413,-0.010014213371602198,-0.2658263749684612,-0.13656327407545737,-0.3394978120987736,-0.057942372787803884
0.4062145969272176,-0.3186740286206769,2.0976936463346325,-0.24789268664536926,0.6803353031278838,-0.20973500065393463
1.9616986339509364,-0.2788534919460345,-1.5883859267264402,-1.0932807203333013,-0.9631299718128074,3.00447868103273
-0.1476071450500868,0.8401972344912918,-1.3074631284805032,-0.36709086254716844,0.36058198388280777,-0.10120045023079835
-0.085596290467602,0.8715253961761902,-0.8553634122651851,0.5034016829564426,0.7781428527694678,0.5176082813311478
-0.6741167650809042,0.1880100003742381,-0.5178872196926604,-0.45314490987942185,-0.07756479775223585,-0.5607286691320827
-0.990371831536343,0.9021623150808398,-0.9768109227588615,0.2370310697995764,0.4068876864401235,0.198288078115527
0.7464231652903681,1.1751840352506269,-1.4889700741003022,0.6359186880947749,0.35774468345725563,-0.2524692948544658
5.997624508081179,-0.11887061450577276,-1.0076643038371649,-0.8406500938781836,1.023075609901007,1.2982599824647862
-0.05077783479999825,0.062288137610386596,-0.7365759216725805,-0.9979484175646134,-0.07727001361333295,-1.1061210519011178
1.4243983684718404,0.1845247551620068,-0.8706841014414312,0.627740772721105,-0.3395121420008779,1.0803874885128313
0.38518978011016175,0.46302892203714624,0.01818162539309203,0.3567870874901025,1.9148694159794253,1.0471492770736124
-0.9098146057293317,0.571908009493751,-0.6351094404604378,0.24213738178466299,0.34656190193113057,0.46944568888860155
-0.30982338470991644,2.1054253922332307,-2.076381638225986,0.373828679209574,1.3904029038122403,0.32735152382023924
2.496182246217234,0.910731027879987,0.001183692571169197,1.362546505153831,-0.26138478230347845,-0.1842744860912482
-0.12075166050068376,0.827832985027637,-0.2372475228523162,0.9851034606415215,-0.8614799588106745,-0.4337088152392678
-0.024709436035268834,-0.7588713233766987,-0.5659848539386367,-1.5112505132960634,-1.3186403354183032,-0.9215325469231244
-1.3162298268806967,0.26386766172458165,-0.2895746312762512,0.24584651846342387,0.057147640643677666,0.21513903068397267
-1.0149377813449678,0.23123753236206898,-0.4810144981882892,-0.06250296662973939,-0.0867096536780868,-0.0026058026135868523
1.0405873247243238,0.2864363852885418,-1.388054533269664,-0.6594080904127325,-0.13037149115114732,1.6667722689158344
0.7562355714308198,-0.657378909366827,0.4563501360885484,-1.0631397951982149,0.4551796471793117,-0.4529432825319975
-1.4169053178711173,-0.17469073339943456,0.18236207911759342,0.43400847309931007,-0.2651752504067336,0.3090002926334887
-0.19069927276676482,0.712102072816815,-0.9188165612388424,0.39423077172377197,0.20888127967445128,-1.956023115628485e-05
-1.0365357456036541,0.2726509217068181,-0.43224690065745064,-0.0959594221581019,0.07710049878968377,-0.3369302098063416
-0.151338551697171,-0.0023568666646161846,-0.8551401163237379,-1.0594564317932647,-0.4460079397000097,-0.9949749699283045
-0.788885277353919,-0.3683257707338556,0.8299624467754122,0.6096883909697521,0.07846861658244365,0.7738049841704329
-1.7774249547856842,0.5378733049000076,-0.3514071951628046,0.5507161903364248,0.17363771113116647,0.15740352553899176
-1.0302450033108208,-0.3236327530277212,0.17093201466717461,0.07748760886784127,-0.17291217713502346,0.5669387485276399
0.9341348037689599,0.7458103463181234,-1.4758441421953268,-0.8265704216802799,0.6204080285081622,0.04249412207701224
0.4291402256615863,-0.4485325293935971,-0.07690763630590373,-0.05159316375332101,-0.17830748708484428,1.1166102915264426
-1.090153264502006,-0.460997310873673,0.300636638159308,-0.029786339409414293,-0.2800968119884248,0.31527490909503114
2.2330921371833905,-0.22040254807325366,-0.794846758166719,-1.8615722509500545,0.7650479360754148,-0.8345041821339343
-1.3283687492731029,-0.07569414647378288,-0.023519497873203756,0.10133544139229339,-0.16856240536759617,0.1053979775123539
-0.699557983654677,0.34257888486965915,-0.7983485597662336,-0.4422046053341484,-0.1110031251454113,-0.5698515827795242
5.350839916532135,0.032953756409797696,-2.158063106202806,-1.09268055566748,-0.10261713910269789,2.263670838335696
-0.4423698436936235,-0.7297602082232377,-0.006990151949538185,-0.7092167254723479,-0.7635209581662321,0.034501629659230405
1.0410169257525759,1.2804431635630942,-1.1739544314486643,1.1105932045633427,-0.8718215406027521,-1.2468034524635265
-0.6780746177316836,-0.5475437739718481,0.30524702385834634,-0.3326278494473798,-0.1074774657269907,-0.08061464632499743
1.7362759091430147,0.03405348144788347,0.8187895997515408,2.544866286581001,0.09891224040145269,-0.7266579723313441
0.7354411792787217,3.470312507403497,-3.6456272724699734,0.6420830858606086,2.116031183707727,1.708549250829186
-0.870804243711195,-0.18692395340770881,0.0710078129274787,0.45412837067900097,-0.464510001041548,0.025141360945905317
-1.3606924986557567,0.009624344300117568,-0.11399706454284643,0.12118641050206315,-0.16572315191435738,0.09242979363069266
-0.28548557696645865,1.0234359175876309,-1.222603232116731,-0.1057901822830212,0.7032367868018935,-0.011190153463280655
0.5423151035742245,-0.4246024167930028,0.5292671937707242,-0.19721989125404846,1.1785838414017713,0.735178281693352
