0,1,2,3,4,5
-0.1920698406511678,0.1160460163252337,-0.2962713033622432,-0.2906711804881223,-0.959318195587211,-0.06204687127325984
-0.0843582192874959,-0.8118839733103697,0.7187322359343307,0.24444226929237875,-0.06759465905968862,2.2752448150006384
-0.03357988350176487,0.5712569546370391,-0.499272011221558,-0.2159346651556501,-0.8593491892500448,-0.5934784939066567
-0.19149281410814814,-0.4792298260825118,0.5157315280750159,0.45669397283659985,-0.6514136560687391,-0.3139101995355333
-0.1920698406511678,-0.3625090726692284,-0.499272011221558,-0.15315599227637344,0.1653331257059086,-0.9570012310318713
-0.1920698406511678,1.0381399682901729,-0.499272011221558,0.08301139617423876,-0.1595661448898815,0.0428961821693541
5.825355292138967,-0.10572341516000483,-0.499272011221558,1.2787956414937942,-0.7513826624059053,0.13440652477131373
0.06739976152667754,-0.5959505794957952,-0.499272011221558,-0.6523959146972879,1.3569636812449297,-0.7261265134581206
-0.13167439581510892,-0.012346812429378073,-0.499272011221558,0.5194726457158765,-0.8593491892500448,1.9184384332957507
0.08528758436028734,-0.7593596342743921,-0.499272011221558,0.28181052695861486,0.023377136707132623,0.917701475666984
-0.1920698406511678,-0.315820771303915,-0.499272011221558,-0.017135534371274002,-0.7933696450675152,-0.7966482453715574
-0.15360140444985643,0.45453620122375565,-0.499272011221558,0.6315774187145848,-0.5924319423298111,-0.1384454141794825
-0.1920698406511678,-1.062833593148929,-0.499272011221558,-0.3654076958205945,0.24030988045878324,0.5608950939620967
0.3253306262564704,-1.062833593148929,-0.499272011221558,-0.6523959146972879,0.24830740096575654,1.3861672662348126
-0.1920698406511678,-1.062833593148929,0.9217329437936455,0.8303765494989609,1.1400309374932789,1.1972697700381074
-0.1920698406511678,0.804698461463606,1.5307350673715898,-0.5896172418180112,-0.07659186963003356,0.42824707441063276
-0.1920698406511678,1.248237324434083,0.10973011235638633,-0.3773655382737901,-0.7843724344971702,-0.2786493335788149
-0.14494600630456136,-0.3625090726692284,1.5307350673715898,0.2833052572652643,0.21531762887449168,-0.6984215473492706
-0.1920698406511678,-1.062833593148929,-0.499272011221558,-0.4655546263661073,-0.9093336924186279,-0.8176368560600802
-0.1920698406511678,-0.5025739767651685,0.9217329437936455,-0.44014421115306673,0.7571496432219326,-1.0409556737859624
0.040279514004753006,0.10437394098390536,2.9517400223867933,0.08301139617423876,1.2899844469990283,-0.5515012725296111
-0.1920698406511678,0.6879777080503225,-0.499272011221558,-0.4147337959400262,-0.7593801829128787,-0.6984215473492706
0.05028130741709397,-1.062833593148929,0.7187322359343307,1.6898464758223914,0.6401859058074479,1.3584623001259626
-0.18995407666009567,-0.3625090726692284,-0.2962713033622432,0.25789484205222374,1.9397829881906083,-0.3483315210647104
-0.1920698406511678,-0.2166081309026241,0.10973011235638633,-0.514880726485539,0.3402788867959494,0.806042066804043
-0.1920698406511678,-0.4792298260825118,-0.09327059550292845,-0.2159346651556501,-0.8423544581727266,-1.321363512584627
-0.1920698406511678,-1.062833593148929,1.327734359512275,0.8797026496183926,1.6398759691791098,1.2954964680603942
-0.1920698406511678,-1.062833593148929,2.9517400223867933,3.8198371627978496,2.739535038887938,2.099780029644587
-0.1920698406511678,-1.062833593148929,0.10973011235638633,1.4282686721587385,0.7401549121446142,2.170301761558024
1.7313519694144017,1.8551852421831567,0.7187322359343307,0.8303765494989609,-0.7513826624059053,0.8824406097102656
-0.1920698406511678,-0.08237926447734814,0.5157315280750159,0.8423343919521564,1.9977650118661647,-0.19469489082472372
-0.1920698406511678,-1.062833593148929,1.1247336516529602,1.715256891035432,0.9980749484945027,0.8757242542899385
0.7696410643816171,-1.062833593148929,2.5457386066681638,1.6031521180367236,0.5572116305476,1.5053825749456222
0.5772988833750601,-1.062833593148929,-0.499272011221558,0.8303765494989609,0.06536411936874241,0.4349634298309599
-0.0843582192874959,-1.062833593148929,0.5157315280750159,-0.5402911416985795,1.190015440661862,-0.7546710239945118
-0.18533786431593832,1.4700067559193215,1.7337357752309046,-0.06646163449070568,-0.6594111765757125,-0.3139101995355333
-0.054929865593492694,2.339576368848283,1.9367364830902194,-0.11578773461013735,-0.6424164454983942,-0.362603776332906
-0.08608929891655492,0.6879777080503225,-0.09327059550292845,-0.514880726485539,1.3899534533361944,-0.7194101580377934
-0.09589875014788933,0.45453620122375565,-0.09327059550292845,-0.5896172418180112,-0.8423544581727266,-0.32062655495586045
-0.13436718634920072,-0.8877524630290039,1.7337357752309046,3.6449537169198645,0.9230981937416282,1.931871144136405
-0.14956221864871871,-1.062833593148929,1.9367364830902194,0.6809035188340165,0.8741133806364169,0.2183609675254049
0.2470473585868017,-1.062833593148929,1.7337357752309046,0.9305234800444737,2.0397519945277747,-0.22239985693357367
-0.1728356225505121,0.33781544781047224,-0.2962713033622432,-0.44014421115306673,-0.6764059076530307,-0.1594340248680053
-0.1920698406511678,-0.654310956202437,0.7187322359343307,1.914056021819808,1.8228192507761238,0.6725545028250377
-0.18918470793606945,-1.062833593148929,7.620756303151033,7.8556089907513496,4.638946159294096,2.086347318803933
-0.13744466124530563,-1.062833593148929,1.7337357752309046,0.12037965384047486,0.3902633899645325,1.9108825334478823
0.045665095072936604,1.592563547003269,4.169744269542682,-0.6269854994842473,-0.5514446497315729,0.7917698115358474
-0.13436718634920072,0.7521741224276285,0.10973011235638633,1.1412804532820453,-0.06759465905968862,0.0294634713286998
-0.1920698406511678,0.19775054371453213,-0.499272011221558,0.38195745750412763,-0.6514136560687391,0.8337470329128929
-0.1920698406511678,-0.4792298260825118,-0.499272011221558,-0.6150276570310518,-0.8263594171587799,-0.6421720707040294
-0.1920698406511678,1.8026609031471792,-0.499272011221558,-0.40277595348683065,-0.8593491892500448,-0.48853544046404274
-0.1920698406511678,0.5712569546370391,-0.499272011221558,-0.14119814982317788,-0.7593801829128787,-0.46754682977552
0.9235148091868627,1.2715814751167398,-0.499272011221558,-0.6523959146972879,-0.5514446497315729,0.49121290647620114
-0.15360140444985643,0.3319794101398081,-0.499272011221558,-0.6643537571504834,-0.45947316390138004,0.2813267995909733
-0.1920698406511678,-1.062833593148929,-0.499272011221558,1.5523312876106425,-0.3595041575642139,0.22507732294573204
-0.13436718634920072,-0.12906756584266152,-0.499272011221558,-0.4147337959400262,1.3649612017519028,-0.6917051919289435
-0.1920698406511678,-1.062833593148929,-0.499272011221558,-0.6389433419374428,-0.959318195587211,-0.7051379027695978
-0.1920698406511678,0.804698461463606,-0.499272011221558,0.8303765494989609,-0.8593491892500448,1.0713381059069707
-0.1920698406511678,3.086589190693297,-0.499272011221558,1.0545860954963775,-0.05959713855271532,0.30231541027949604
-0.1920698406511678,-0.5959505794957952,1.7337357752309046,1.1293226108288499,-0.3595041575642139,0.9806673077325524
-0.1920698406511678,0.10437394098390536,0.3127308202157011,-0.2906711804881223,1.4899224596733607,2.114052284912783
-0.05166004851638122,0.396175824517114,1.327734359512275,0.2324844268391832,2.2726797792933717,0.008474860640177013
-0.11513296824854502,-0.5959505794957952,-0.09327059550292845,-0.2159346651556501,-0.8013671655744884,-0.684149292081075
-0.1920698406511678,-1.062833593148929,-0.2962713033622432,-0.19052424994260955,-0.7923699550041435,-0.9360126203433484
-0.1920698406511678,-0.3625090726692284,-0.2962713033622432,0.6181248459547398,-0.10958164172129842,-0.41129735313027876
9.425039209676681,1.9719059955964402,-0.2962713033622432,-0.20397682270245454,-0.6514136560687391,0.2183609675254049
-0.10436180611217784,-1.062833593148929,1.7337357752309046,-0.06646163449070568,-0.7593801829128787,0.37199759776539154
2.7138358299958947,0.45453620122375565,0.10973011235638633,-0.5896172418180112,-0.8843414408343364,-0.5095240511525655
0.37610896204220146,-0.5959505794957952,0.9217329437936455,-0.22789250760884566,0.3402788867959494,-1.0199670630974396
-0.09589875014788933,1.9427258072431193,-0.2962713033622432,-0.178566407489414,4.06412437285539,0.30231541027949604
-0.1920698406511678,1.3883022285300233,-0.499272011221558,-0.19052424994260955,0.5402168994702818,0.06388479285787689
-0.1920698406511678,4.656483324101959,-0.499272011221558,3.371418070803016,0.04037186778445087,0.5886000600709466
-0.1920698406511678,1.2715814751167398,-0.499272011221558,2.5493164021458217,-0.8593491892500448,1.0646217504866435
-0.1916851562891547,-0.12906756584266152,-0.499272011221558,-0.178566407489414,0.44024789313311563,1.1133153272840164
-0.1920698406511678,-0.12906756584266152,-0.2962713033622432,-0.552248984151775,0.09835389146000727,-0.9150240096548257
-0.1920698406511678,1.522531094955299,-0.499272011221558,-0.6269854994842473,0.3402788867959494,0.2108050676775364
-0.1920698406511678,-0.12906756584266152,-0.499272011221558,-0.4894703112724984,-0.8423544581727266,-1.0409556737859624
-0.18822299703103668,-0.012346812429378073,-0.2962713033622432,0.08301139617423876,-0.7263904108216138,-0.8310695669007345
-0.1920698406511678,-0.24578831925594494,-0.499272011221558,-0.5896172418180112,0.9900774279875296,-0.8453418221689302
-0.1920698406511678,-0.5142460521064969,-0.2962713033622432,-0.6643537571504834,2.839504045225104,1.5120989303659493
-0.1920698406511678,1.0848282696554863,-0.499272011221558,-0.06646163449070568,-0.6594111765757125,-0.3273429103761876
-0.1920698406511678,0.6179452560023525,-0.499272011221558,-0.5896172418180112,-0.8593491892500448,0.6935431135135606
-0.1920698406511678,0.10437394098390536,-0.499272011221558,-0.528333299245384,-0.8343569376657533,-0.362603776332906
-0.1920698406511678,0.5712569546370391,-0.499272011221558,0.8303765494989609,-0.1595661448898815,0.4702242957876783
-0.1920698406511678,0.034341488935935305,-0.499272011221558,0.531430488169072,-0.5174551875769364,-0.4952517958843699
-0.1920698406511678,0.33781544781047224,-0.499272011221558,-0.3654076958205945,-0.05959713855271532,0.20408871225720926
-0.18687660176399076,-0.4792298260825118,-0.499272011221558,-0.6643537571504834,-0.6594111765757125,1.4634053535685765
-0.1920698406511678,-0.40919737403454176,-0.499272011221558,0.8303765494989609,1.5898914660105268,2.596790330748807
-0.1920698406511678,-0.3625090726692284,-0.499272011221558,-0.514880726485539,2.1397210008649408,-0.012513750048345774
-0.1728356225505121,0.10437394098390536,-0.499272011221558,2.1636759830302656,-0.684403428160004,1.7429736479397
-0.1487928499246925,-1.062833593148929,-0.499272011221558,-0.2159346651556501,-0.6594111765757125,-0.23667211220176929
-0.1920698406511678,-0.06487115146535562,-0.499272011221558,-0.514880726485539,-0.2515376307200744,-0.25094436746996496
-0.19187749847016125,-0.012346812429378073,-0.499272011221558,-0.6269854994842473,-0.8343569376657533,-0.7194101580377934
-0.1920698406511678,0.501224502589069,-0.499272011221558,0.2324844268391832,1.2399999438304452,-0.761387379414839
-0.09589875014788933,-0.0882153021480123,-0.09327059550292845,-0.3654076958205945,-0.7593801829128787,-0.25766072289029207
-0.11513296824854502,-0.10572341516000483,-0.499272011221558,-0.5896172418180112,-0.6094266734071293,0.4979292618965283
-0.1920698406511678,-0.5959505794957952,-0.499272011221558,0.531430488169072,2.339659013539273,0.3090317656998232
-0.18476083777291866,-1.062833593148929,-0.09327059550292845,-0.552248984151775,0.04037186778445087,-1.082932895163008
-0.19110812974613503,-0.3625090726692284,-0.09327059550292845,0.008274880841766542,1.4399379565047774,-0.5515012725296111
-0.1920698406511678,-0.6251307678491161,-0.09327059550292845,1.0545860954963775,-0.1595661448898815,-0.3139101995355333
-0.1670653571203154,-0.1757558672079749,3.5607421459647375,-0.6643537571504834,2.1397210008649408,1.9528597548249278
-0.1920698406511678,0.5712569546370391,-0.499272011221558,-0.514880726485539,-0.7263904108216138,-0.23667211220176929
-0.1920698406511678,-0.3625090726692284,-0.499272011221558,0.6809035188340165,1.2399999438304452,-0.5515012725296111
-0.1920698406511678,-0.03569096311203476,-0.499272011221558,2.3251068561484054,-0.5094576670699632,0.7850534561155201
-0.19110812974613503,-0.24578831925594494,0.5157315280750159,-0.4266916383932218,-0.8093646860814617,-0.9922620969885897
-0.1920698406511678,0.8572228004995835,0.10973011235638633,0.38195745750412763,-0.2595351512270477,-0.20141124624505086
-0.16379554004320393,-0.012346812429378073,0.10973011235638633,-0.514880726485539,-0.7513826624059053,-0.5934784939066567
-0.1920698406511678,0.45453620122375565,-0.499272011221558,-0.40277595348683065,1.5399069628419437,-0.5867621384863295
-0.1920698406511678,0.17440639303187544,0.10973011235638633,-0.3654076958205945,-0.8093646860814617,0.18310010156868647
-0.15167798263979085,-0.24578831925594494,0.10973011235638633,-0.2533029228218862,-0.7093956797442955,-0.9150240096548257
-0.1920698406511678,0.10437394098390536,-0.09327059550292845,-0.27871333803492676,-0.734387931328587,-0.5162404065728927
-0.19110812974613503,0.6879777080503225,0.9217329437936455,2.7735259481432384,0.44024789313311563,0.5189178725850511
1.9625472709842833,-1.062833593148929,2.5457386066681638,1.2160169686145175,0.3402788867959494,1.7572459032078955
0.06412994444956607,1.0381399682901729,0.7187322359343307,3.5208911014679605,0.4482454136400889,2.204723083087201
-0.18245273160083997,-0.5959505794957952,-0.2962713033622432,-0.5642068266049707,1.1070411654020142,-0.9083076542344986
-0.13436718634920072,0.10437394098390536,-0.2962713033622432,-0.6523959146972879,0.28229686312039304,0.701099013361429
-0.14244555795147612,-0.24578831925594494,13.101775415352533,-0.3026290229413179,1.5399069628419437,-0.4952517958843699
-0.08301182402045001,-0.3625090726692284,1.9367364830902194,-0.2159346651556501,1.5399069628419437,-0.5724898832181339
-0.1920698406511678,-1.062833593148929,0.10973011235638633,1.540373445157447,0.3732686588872143,1.0579053950663164
-0.1920698406511678,-0.3625090726692284,0.5157315280750159,1.876687764153572,0.8401239184817804,-0.6774329366607479
0.0002723403553891588,-1.062833593148929,0.7187322359343307,1.577741702823683,0.04037186778445087,0.2813267995909733
0.29070903367529016,1.3299418518233814,1.9367364830902194,0.08301139617423876,-0.45947316390138004,1.3517459447056355
-0.036465016216863225,-0.4792298260825118,0.9217329437936455,0.08301139617423876,1.2399999438304452,-0.7403987687263162
-0.07474111023716806,0.536240728613054,-0.09327059550292845,0.3072209421716554,-0.10958164172129842,0.2393495782139277
-0.1920698406511678,0.5712569546370391,-0.499272011221558,-0.4147337959400262,-0.2595351512270477,-0.26437707831061924
-0.1920698406511678,-1.062833593148929,-0.2962713033622432,3.221945040138072,0.14034087412161705,3.037551155207786
-0.16321851350018426,-0.4792298260825118,-0.2962713033622432,0.008274880841766542,-0.5924319423298111,-0.9360126203433484
9.636615608783893,1.1256805333501354,0.7187322359343307,1.2787956414937942,0.6401859058074479,1.3307573340171126
-0.12148026022176141,-1.062833593148929,0.7187322359343307,0.08301139617423876,0.04037186778445087,0.39298620845391435
0.0002723403553891588,1.318269776482053,1.9367364830902194,0.9798495801639053,0.14034087412161705,0.09242930339426816
-0.1920698406511678,0.9797795915835311,-0.499272011221558,1.1293226108288499,0.3402788867959494,1.428144487611858
0.0002723403553891588,0.10437394098390536,0.10973011235638633,-0.514880726485539,-0.8513516687430716,0.701099013361429
-0.1920698406511678,0.12771809166656206,0.7187322359343307,0.6061670035015443,-0.409488660732797,0.16882784630049083
-0.07666453204723363,-0.8293920863223622,0.7187322359343307,-0.178566407489414,0.9400929248189466,-1.0695001843223537
0.7696410643816171,-1.062833593148929,-0.09327059550292845,0.8303765494989609,1.7398449755162761,-0.39030874244175595
-0.1920698406511678,-0.006510774758713901,1.327734359512275,-0.47751246881930287,-0.2095506480584646,-0.026786005316541413
-0.14456132194254823,-1.062833593148929,2.5457386066681638,-0.6643537571504834,2.239690007202107,2.0930636742242603
-0.11994152277370895,-0.4792298260825118,1.1247336516529602,-0.14119814982317788,-0.9013361719116546,0.9596786970440296
-0.13859871433134496,-0.5959505794957952,-0.2962713033622432,-0.06646163449070568,1.2399999438304452,-0.7756596346830347
-0.0330028569587452,1.2657454374460755,1.327734359512275,0.8557869647120014,-0.6264214044844476,-0.362603776332906
0.2064631583944182,-0.12906756584266152,0.7187322359343307,0.15774791150671097,-0.45947316390138004,0.10586201423492246
-0.08012669130535166,-1.062833593148929,0.10973011235638633,0.04564313850800265,-0.6594111765757125,-0.6984215473492706
0.2503171756639132,-1.062833593148929,2.3427378988088488,1.7272147334886274,0.5482144199772551,0.7355203348906061
0.3974589441339293,-1.062833593148929,0.9217329437936455,0.531430488169072,0.3402788867959494,-0.08975183738210978
0.2310829575632575,-1.062833593148929,2.3427378988088488,0.9798495801639053,2.0397519945277747,1.7849508693167455
-0.19091578756512848,1.5050229819433065,1.7337357752309046,-0.5402911416985795,-0.8673467097570181,1.2677915019515442
0.11606233332133645,-1.062833593148929,2.3427378988088488,0.531430488169072,1.0400619311561128,2.246700304464247
-0.1920698406511678,-0.5200820897771611,1.9367364830902194,0.6061670035015443,0.3402788867959494,0.48365700662833266
0.2280054826671526,-0.7126713329090787,1.7337357752309046,-0.339997280607554,-0.45947316390138004,-0.7126938026174663
-0.1920698406511678,-1.062833593148929,0.10973011235638633,0.9798495801639053,-0.6594111765757125,0.09914565881459532
-0.1920698406511678,-1.062833593148929,1.7337357752309046,-0.6643537571504834,1.3399689501676113,-0.8310695669007345
-0.1920698406511678,-0.654310956202437,-0.2962713033622432,0.09496923862743432,-0.35150663705724056,-0.25766072289029207
0.4572773624269685,-1.062833593148929,2.3427378988088488,-0.6643537571504834,2.0397519945277747,3.1147892425415495
-0.1920698406511678,-0.006510774758713901,-0.09327059550292845,0.5807565882885037,-0.5594421702385463,-0.29963794426733764
0.19261452136194612,0.5712569546370391,-0.2962713033622432,-0.6523959146972879,-0.9433231545732644,0.2108050676775364
1.258959572862298,-0.24578831925594494,0.3127308202157011,-0.3654076958205945,-0.5594421702385463,-0.3273429103761876
-0.18918470793606945,-1.062833593148929,-0.09327059550292845,-0.14119814982317788,-0.5594421702385463,1.043633139798121
-0.18822299703103668,1.2424012867634189,-0.2962713033622432,-0.16660856503621843,-0.6174241939141026,-0.544784917109284
-0.1920698406511678,1.2307292114220905,-0.499272011221558,-0.6523959146972879,-0.6094266734071293,0.03617982674902695
1.8392559329590803,-0.9402768020649814,-0.499272011221558,2.624052917478294,2.339659013539273,2.4355978006609518
-0.031079435148679627,-0.893588500699668,-0.499272011221558,-0.14119814982317788,1.0400619311561128,0.7774975562676517
-0.11513296824854502,-0.7126713329090787,-0.499272011221558,-0.3654076958205945,0.9400929248189466,-1.0275229629453082
1.9577387164591193,1.5050229819433065,-0.499272011221558,-0.6523959146972879,-0.8513516687430716,0.06388479285787689
-0.06916318698797791,-0.4675577507411835,-0.499272011221558,2.0261607948185163,-0.3095196543956308,0.42824707441063276
-0.1920698406511678,1.452498642907329,-0.499272011221558,-0.2159346651556501,-0.734387931328587,0.4979292618965283
-0.1920698406511678,1.0965003449968145,-0.499272011221558,-0.5896172418180112,-0.45147564339440677,-0.544784917109284
-0.1920698406511678,-1.062833593148929,-0.499272011221558,3.8198371627978496,-0.959318195587211,0.8194747776446972
0.1980001024301297,-0.9227686890529889,-0.499272011221558,1.7272147334886274,1.5399069628419437,2.0510864528472146
-0.1920698406511678,-1.062833593148929,-0.499272011221558,1.876687764153572,1.7568397065935946,1.533087541054472
-0.1920698406511678,-0.4792298260825118,-0.499272011221558,-0.2652607652750818,1.1400309374932789,-0.7471151241466434
0.012774582120815363,0.45453620122375565,-0.499272011221558,-0.552248984151775,-0.6594111765757125,-0.38359238702142884
-0.1920698406511678,-0.9461128397356455,-0.499272011221558,0.2324844268391832,1.5399069628419437,-0.5515012725296111
-0.16321851350018426,-0.12906756584266152,-0.499272011221558,-0.24134508036869065,0.7731446842358789,-0.4608304743551928
-0.08820506290762704,-0.7126713329090787,0.3127308202157011,-0.3026290229413179,0.8901084216503634,-1.1039215058515308
-0.1616797760521318,-0.7126713329090787,2.3427378988088488,-0.07841947694390124,0.6741753679620844,-0.9570012310318713
2.6930628744471865,-1.062833593148929,3.5607421459647375,3.8198371627978496,-0.9013361719116546,1.3517459447056355
-0.1920698406511678,-0.5959505794957952,0.3127308202157011,-0.514880726485539,-0.4924629359926449,-0.8663304328574529
-0.19091578756512848,-0.4792298260825118,0.10973011235638633,-0.6150276570310518,-0.3595041575642139,-0.9150240096548257
0.38495670236850305,-1.062833593148929,0.9217329437936455,0.9798495801639053,2.9394730515622705,2.141757251021633
0.4343886428871882,-0.30998473363325085,0.9217329437936455,0.1084218113872793,0.1733306462128819,-0.7681037348351661
0.12625646891468398,-0.006510774758713901,1.327734359512275,3.0724720094731275,0.7401549121446142,1.4424167428800538
-0.09589875014788933,-1.062833593148929,-0.2962713033622432,0.38195745750412763,0.3402788867959494,0.7078153687817562
0.3974589441339293,-1.062833593148929,0.9217329437936455,0.8303765494989609,0.04037186778445087,0.7565089455791288
0.08297947818820865,0.6879777080503225,0.5157315280750159,0.08301139617423876,-0.7513826624059053,-0.24338846762209645
-0.1920698406511678,-1.062833593148929,-0.09327059550292845,-0.178566407489414,-0.03460488696842377,0.12685062492344526
-0.1920698406511678,-1.062833593148929,-0.499272011221558,0.2324844268391832,1.1400309374932789,-0.8596140774371258
-0.1920698406511678,1.2715814751167398,-0.499272011221558,0.867744807165197,-0.9183309029889729,0.8757242542899385
-0.07666453204723363,1.9135456188897986,-0.499272011221558,0.08301139617423876,-0.7673777034198519,0.8547356436014157
-0.1920698406511678,-0.5959505794957952,0.7187322359343307,0.25789484205222374,-0.6424164454983942,-0.7471151241466434
-0.1920698406511678,0.0751937526305845,0.9217329437936455,1.876687764153572,-0.15156862438290822,0.24606593363425483
-0.19072344538412192,-0.22244416857328825,1.1247336516529602,-0.2159346651556501,0.04836938829142417,-0.2786493335788149
-0.1920698406511678,1.1548607217034563,0.10973011235638633,0.28181052695861486,-0.32651438547294903,0.13440652477131373
-0.040119517655987806,-1.062833593148929,1.9367364830902194,3.969310193462794,0.5652091510545734,1.393723166082681
-0.0843582192874959,1.0965003449968145,0.10973011235638633,-0.06646163449070568,-0.5514446497315729,-0.3348988102240561
-0.11590233697257125,-0.7126713329090787,1.327734359512275,-0.6523959146972879,1.048059451663086,-0.7546710239945118
-0.061661841928722184,-1.062833593148929,-0.2962713033622432,-0.2906711804881223,-0.8593491892500448,-0.6287393598633751
-0.13436718634920072,-1.062833593148929,-0.499272011221558,0.008274880841766542,-0.7593801829128787,0.8194747776446972
-0.1920698406511678,-0.7768677472863846,-0.09327059550292845,-0.4521020536062623,1.0900464343246958,-0.9083076542344986
0.036240328203615314,-0.7710317096157204,-0.2962713033622432,-0.6389433419374428,-0.5344499186542547,0.3997025638742415
1.0754651321820428,-1.062833593148929,1.1247336516529602,3.5208911014679605,1.4399379565047774,0.32330402096801886
-0.15975635424206625,1.1606967593741204,0.7187322359343307,1.029175680283337,0.9071031527276819,-0.24338846762209645
0.05220472922715954,-0.18742794254930323,0.9217329437936455,0.6809035188340165,-0.45947316390138004,0.30231541027949604
0.04066419836676612,-0.3800171856812209,2.7487393145274783,1.2787956414937942,-0.10958164172129842,0.6658381474047106
-0.1920698406511678,1.2657454374460755,2.3427378988088488,2.3251068561484054,0.21531762887449168,0.651565892136515
-0.1920698406511678,-0.4792298260825118,-0.499272011221558,0.9798495801639053,0.365271138380241,-0.6077507491748523
0.0002723403553891588,-1.062833593148929,2.5457386066681638,4.716675346787516,1.9397829881906083,2.3936205792839065
-0.04935194234430254,-0.7360154835917354,1.327734359512275,0.38195745750412763,1.3399689501676113,-0.7126938026174663
-0.1920698406511678,0.16857035536121126,-0.2962713033622432,0.9051130648314332,-0.41748618123977027,-0.41129735313027876
-0.1920698406511678,0.2794550711038305,-0.499272011221558,0.38195745750412763,-0.2595351512270477,1.393723166082681
-0.1920698406511678,0.804698461463606,1.1247336516529602,1.4282686721587385,-0.15156862438290822,0.806042066804043
1.5103508034378679,-1.062833593148929,0.5157315280750159,0.8303765494989609,1.3399689501676113,2.0443700974268872
-0.1920698406511678,-1.062833593148929,0.5157315280750159,1.9260138642730034,0.9650851764032381,1.8764612119187052
-0.09589875014788933,-0.5959505794957952,0.3127308202157011,-0.3654076958205945,0.8901084216503634,-1.061944284474485
-0.1920698406511678,-0.1524117165253182,0.10973011235638633,0.020232723294962108,1.5479044833489168,1.5540761517429948
-0.1920698406511678,-0.9344407643943172,0.9217329437936455,5.314567469447294,1.2399999438304452,2.8419373035907536
-0.1920698406511678,-1.062833593148929,-0.499272011221558,-0.2533029228218862,0.8401239184817804,-1.1744432377649676
-0.1920698406511678,-0.4792298260825118,-0.499272011221558,-0.6389433419374428,0.9480904453259197,-1.0695001843223537
-0.1920698406511678,0.2677829957625022,-0.499272011221558,-0.6269854994842473,0.14034087412161705,0.5189178725850511
-0.1920698406511678,-0.12906756584266152,-0.499272011221558,-0.5896172418180112,-0.1595661448898815,-0.6984215473492706
-0.1920698406511678,-0.5959505794957952,-0.499272011221558,-0.514880726485539,0.14034087412161705,-1.132466016387922
-0.1920698406511678,-0.10572341516000483,-0.499272011221558,0.07105355372104319,0.732157391637641,-0.761387379414839
-0.1920698406511678,-0.5959505794957952,-0.09327059550292845,-0.06646163449070568,-0.8843414408343364,-0.9989784524089168
-0.1920698406511678,-0.4792298260825118,-0.499272011221558,-0.4655546263661073,1.2399999438304452,-0.7966482453715574
1.1656736150741178,-1.062833593148929,0.9217329437936455,-0.47751246881930287,-0.2595351512270477,-0.5372290172614155
0.13568123578400526,1.966069957925776,-0.09327059550292845,3.4835228438017247,-0.3595041575642139,1.3307573340171126
-0.027232591528548487,0.4136839375291065,0.3127308202157011,0.6809035188340165,-0.6094266734071293,0.1621114908801637
-0.09589875014788933,1.7793167524645226,-0.499272011221558,1.0545860954963775,1.7898294786848592,-0.3273429103761876
1.096622772092764,-1.062833593148929,2.139737190949534,2.3251068561484054,3.2393800705737688,2.2542562043121155
0.2893626384082443,0.2210946943971888,0.5157315280750159,-0.041051219277665134,-0.5924319423298111,-0.9150240096548257
-0.1920698406511678,-1.062833593148929,-0.499272011221558,-0.6643537571504834,-0.9093336924186279,-0.45327457450732433
1.6928835332130903,-0.5959505794957952,-0.2962713033622432,-0.24134508036869065,0.5402168994702818,-0.8596140774371258
-0.1920698406511678,-1.062833593148929,-0.499272011221558,0.7048192037404076,-0.03460488696842377,0.945406441775834
-0.15437077317388265,1.9719059955964402,0.7187322359343307,0.08301139617423876,1.0650541827404043,0.5541787385417695
-0.1920698406511678,-0.8293920863223622,-0.499272011221558,0.08301139617423876,1.0400619311561128,-0.9292962649230213
-0.189377050117076,-0.3625090726692284,0.10973011235638633,-0.14119814982317788,4.056126852348417,1.400439521503008
-0.1920698406511678,-0.654310956202437,-0.499272011221558,2.624052917478294,0.04037186778445087,-0.2719329781584877
-0.13436718634920072,-0.3625090726692284,-0.09327059550292845,-0.2159346651556501,-0.5594421702385463,-1.0972051504312037
3.275282656354035,-0.012346812429378073,-0.2962713033622432,-0.05450379203751011,-0.35150663705724056,0.13440652477131373
0.19261452136194612,-0.5492622781304819,-0.2962713033622432,3.5208911014679605,0.7401549121446142,1.127587582552212
-0.17302796473151866,-0.5959505794957952,1.7337357752309046,-0.5776593993648156,-0.9173312129256013,-0.9989784524089168
-0.10666991228425651,-0.6368028431904444,-0.09327059550292845,0.7556400341664887,1.5898914660105268,-0.5934784939066567
-0.1920698406511678,-0.35667303499856423,0.7187322359343307,-0.5776593993648156,1.2399999438304452,-0.8176368560600802
0.03874077655670055,-1.062833593148929,1.7337357752309046,5.314567469447294,3.339349076910935,0.728803979470279
-0.1920698406511678,1.6801041120632316,0.7187322359343307,0.8303765494989609,0.04037186778445087,0.8270306774925658
0.38495670236850305,-1.062833593148929,1.7337357752309046,-0.3654076958205945,1.2399999438304452,-1.1534546270764447
-0.1920698406511678,-0.4792298260825118,-0.2962713033622432,-0.5268385689387345,1.2649921954147367,-0.7051379027695978
-0.18956939229808256,0.804698461463606,-0.499272011221558,-0.339997280607554,1.0900464343246958,-1.1249101165400535
-0.1920698406511678,-0.2691324699386016,-0.499272011221558,-0.06646163449070568,1.24899715440079,-0.9712734863000669
-0.1920698406511678,-0.22244416857328825,-0.499272011221558,-0.514880726485539,-0.959318195587211,-0.9712734863000669
0.0002723403553891588,0.10437394098390536,-0.499272011221558,-0.6523959146972879,0.9480904453259197,-0.9083076542344986
-0.1920698406511678,-0.29247662062125834,-0.499272011221558,-0.6150276570310518,-0.6094266734071293,-0.5934784939066567
-0.1920698406511678,0.6412894066850092,-0.499272011221558,1.0545860954963775,-0.4924629359926449,0.09914565881459532
-0.1920698406511678,-1.062833593148929,-0.499272011221558,-0.6643537571504834,-0.959318195587211,1.7295409370990455
-0.16898877893038097,-1.062833593148929,-0.499272011221558,-0.5642068266049707,-0.6924009486669773,1.393723166082681
-0.185914890858958,-0.16408379186664654,-0.499272011221558,-0.6643537571504834,1.1400309374932789,-0.9360126203433484
-0.1920698406511678,-0.2166081309026241,-0.499272011221558,-0.6643537571504834,-0.8423544581727266,1.6103256283882361
-0.05319878596443368,-0.24578831925594494,-0.499272011221558,-0.6523959146972879,-0.9423234645098928,-1.2164204591420131
-0.1920698406511678,-0.4792298260825118,-0.499272011221558,-0.6643537571504834,-0.7173932002512688,-1.1114774056993992
-0.1920698406511678,0.5245686532717257,-0.499272011221558,-0.2906711804881223,0.24030988045878324,0.03617982674902695
-0.1920698406511678,0.45453620122375565,-0.499272011221558,-0.6269854994842473,-0.6514136560687391,2.3591992577547294
-0.18437615341090552,0.10437394098390536,-0.499272011221558,-0.6015750842712068,-0.9263284234959461,-1.1391823718082492
-0.1920698406511678,0.5712569546370391,-0.499272011221558,-0.2906711804881223,-0.45947316390138004,0.06388479285787689
-0.1920698406511678,-0.24578831925594494,-0.499272011221558,-0.6523959146972879,0.3902633899645325,-1.132466016387922
-0.1920698406511678,-0.12906756584266152,-0.499272011221558,-0.6269854994842473,1.0650541827404043,0.5608950939620967
-0.1920698406511678,0.9214192148768894,-0.499272011221558,0.008274880841766542,-0.45947316390138004,-0.07547958211391415
-0.1920698406511678,-0.3625090726692284,-0.499272011221558,-0.5029228840323434,0.18232785678322685,-1.0904887950108764
-0.09897622504399424,-0.5959505794957952,-0.499272011221558,-0.5776593993648156,0.1233461430442988,-1.0409556737859624
-0.1920698406511678,0.9214192148768894,-0.499272011221558,-0.6150276570310518,1.0400619311561128,-1.1249101165400535
-0.1920698406511678,0.10437394098390536,-0.499272011221558,-0.6389433419374428,-0.7923699550041435,-1.2861026466279086
-0.15283203572583018,0.5712569546370391,-0.499272011221558,-0.5896172418180112,-0.7843724344971702,-0.87304678827778
-0.19187749847016125,0.33781544781047224,-0.499272011221558,-0.6269854994842473,-0.8423544581727266,-0.6421720707040294
-0.1920698406511678,-0.5959505794957952,-0.499272011221558,-0.5896172418180112,-0.06759465905968862,-1.1668873379170992
-0.1732203069125252,-0.4325415247171984,-0.2962713033622432,-0.5896172418180112,-0.7093956797442955,-1.265114035939386
0.8758139482972366,-1.062833593148929,-0.09327059550292845,-0.6269854994842473,1.5648992144262353,-0.6984215473492706
-0.19187749847016125,-0.3625090726692284,-0.2962713033622432,-0.6150276570310518,1.0400619311561128,-1.1744432377649676
0.34706529271021136,0.9214192148768894,-0.2962713033622432,-0.5776593993648156,-0.8433541482360982,-0.17370628013620093
-0.19187749847016125,0.10437394098390536,-0.2962713033622432,-0.6150276570310518,-0.8763439203273631,-1.0695001843223537
-0.1920698406511678,-0.12906756584266152,-0.499272011221558,-0.6643537571504834,-0.6094266734071293,-0.8243532114804074
-0.1920698406511678,0.804698461463606,-0.499272011221558,-0.514880726485539,-0.8093646860814617,-0.7194101580377934
-0.19187749847016125,-0.3625090726692284,-0.2962713033622432,-0.3654076958205945,1.0400619311561128,-1.1181937611197263
-0.10666991228425651,0.5245686532717257,-0.2962713033622432,-0.6150276570310518,-0.8513516687430716,-0.5162404065728927
-0.19187749847016125,0.2210946943971888,-0.09327059550292845,-0.6269854994842473,-0.4764678949786983,0.3510089870768688
-0.16783472584434164,-0.12906756584266152,-0.2962713033622432,-0.6643537571504834,-0.8923389613413096,-1.3003749018961044
-0.19130047192714159,0.10437394098390536,-0.09327059550292845,0.24444226929237875,-0.3345119059799223,0.0294634713286998
-0.19091578756512848,-0.654310956202437,-0.2962713033622432,0.531430488169072,0.8401239184817804,3.1567664639185953
-0.1920698406511678,3.1391135297292747,-0.09327059550292845,-0.14119814982317788,-0.45947316390138004,0.11341791408279095
-0.18803065485003012,-0.5959505794957952,-0.2962713033622432,-0.4655546263661073,-0.409488660732797,-1.2793862912075815
-0.15879464333703344,-0.012346812429378073,-0.09327059550292845,0.33263135738469596,1.464930208089069,-0.7890923455236889
-0.19014641884110223,-1.062833593148929,-0.2962713033622432,1.2787956414937942,-0.5594421702385463,2.1837344723986787
-0.1920698406511678,0.5712569546370391,-0.499272011221558,-0.5896172418180112,-0.9263284234959461,-1.1181937611197263
-0.1920698406511678,0.5712569546370391,-0.499272011221558,-0.514880726485539,-0.7593801829128787,-0.684149292081075
-0.1920698406511678,-0.3625090726692284,-0.499272011221558,-0.6389433419374428,-0.3844964091485054,-1.3138076127367588
-0.19187749847016125,0.5712569546370391,-0.499272011221558,-0.2159346651556501,1.7728347476075408,-0.5724898832181339
-0.1920698406511678,-1.062833593148929,-0.499272011221558,-0.6643537571504834,4.306049368191332,1.4424167428800538
-0.18726128612600387,-0.12906756584266152,-0.499272011221558,0.6809035188340165,-0.409488660732797,-0.6774329366607479
-0.1920698406511678,-0.5959505794957952,-0.499272011221558,-0.5402911416985795,1.098043954831669,-1.0904887950108764
-0.1920698406511678,-0.24578831925594494,-0.499272011221558,-0.5896172418180112,-0.7013981592373222,-0.32062655495586045
-0.18822299703103668,-0.12906756584266152,-0.499272011221558,-0.6643537571504834,-0.3595041575642139,0.015191216060504163
-0.19091578756512848,1.0381399682901729,-0.499272011221558,-0.3654076958205945,-0.05959713855271532,-0.5657735277978068
-0.19091578756512848,-0.40919737403454176,-0.499272011221558,0.033685296054807086,-0.6094266734071293,-1.055227929054158
-0.19187749847016125,0.10437394098390536,-0.499272011221558,-0.6269854994842473,-0.9173312129256013,-1.2793862912075815
-0.1839914690488924,-0.5959505794957952,-0.499272011221558,-0.5402911416985795,1.0400619311561128,-1.0904887950108764
-0.1920698406511678,-0.7126713329090787,-0.499272011221558,-0.5896172418180112,-0.959318195587211,-1.2861026466279086
-0.1920698406511678,0.804698461463606,-0.499272011221558,-0.514880726485539,-0.8093646860814617,-0.7194101580377934
-0.15283203572583018,0.5712569546370391,-0.499272011221558,-0.5896172418180112,-0.9093336924186279,-0.87304678827778
19.04214826000453,1.5633833586499482,-0.499272011221558,-0.6643537571504834,3.4393180832481014,-1.1811595931852947
-0.19187749847016125,1.8551852421831567,-0.499272011221558,-0.6643537571504834,-0.959318195587211,-1.0409556737859624
-0.17033517419742686,0.29112714644515886,-0.499272011221558,-0.2159346651556501,-0.9343259440029195,0.4349634298309599
-0.19053110320311537,-0.18742794254930323,-0.499272011221558,-0.2159346651556501,-0.6594111765757125,-0.8663304328574529
-0.1920698406511678,0.6879777080503225,-0.499272011221558,2.3251068561484054,-0.8843414408343364,-1.132466016387922
-0.1836067846868793,0.6879777080503225,-0.499272011221558,-0.552248984151775,-0.8843414408343364,0.1763837461483593
0.3334089978587458,1.1548607217034563,1.7337357752309046,-0.5896172418180112,-0.9183309029889729,1.428144487611858
-0.1920698406511678,-0.3625090726692284,-0.499272011221558,-0.31608159570116284,-0.7093956797442955,0.1763837461483593
-0.18956939229808256,0.5712569546370391,-0.499272011221558,-0.3654076958205945,-0.7423854518355604,-0.17370628013620093
-0.1576405902509941,-0.0707071891360198,-0.499272011221558,-0.6523959146972879,-0.7423854518355604,-0.11745680349095972
-0.1920698406511678,5.70697010482151,-0.499272011221558,-0.514880726485539,-0.2595351512270477,0.7774975562676517
-0.1920698406511678,0.10437394098390536,-0.499272011221558,0.2324844268391832,-0.45947316390138004,0.27377089974310476
-0.1916851562891547,-1.062833593148929,-0.499272011221558,0.08301139617423876,-0.45947316390138004,0.1411228801916409
-0.1889923657550629,1.62174373535659,-0.499272011221558,-0.3654076958205945,-0.45947316390138004,0.2108050676775364
0.01219755557779569,-0.012346812429378073,-0.499272011221558,-0.3654076958205945,1.5399069628419437,-0.5305126618410884
-0.1920698406511678,0.9681075162422028,-0.499272011221558,-0.514880726485539,-0.45947316390138004,0.26705454432277764
-0.143791953218522,0.2210946943971888,-0.499272011221558,-0.6150276570310518,-0.8093646860814617,-0.3273429103761876
-0.14821582338167283,-1.062833593148929,-0.499272011221558,-0.3654076958205945,0.3402788867959494,1.3232014341692442
-0.1920698406511678,-0.12906756584266152,-0.499272011221558,-0.514880726485539,-0.7093956797442955,0.27377089974310476
-0.1920698406511678,-0.012346812429378073,-0.499272011221558,-0.06646163449070568,-0.3595041575642139,0.1411228801916409
-0.1791829145237285,0.6879777080503225,-0.499272011221558,-0.44014421115306673,-0.3595041575642139,-0.29963794426733764
-0.1920698406511678,1.7384644887698733,-0.499272011221558,0.2324844268391832,-0.1595661448898815,0.6305772814479922
-0.1728356225505121,-0.4325415247171984,-0.499272011221558,-0.6523959146972879,-0.14257141381256327,0.9386900863555069
0.5772988833750601,2.672230516076141,-0.499272011221558,-0.514880726485539,-0.5094576670699632,-0.39030874244175595
-0.1920698406511678,-0.012346812429378073,-0.499272011221558,-0.6643537571504834,-0.409488660732797,0.18310010156868647
-0.1916851562891547,0.6879777080503225,-0.499272011221558,-0.514880726485539,-0.6094266734071293,0.6171445706073379
-0.18976173447908912,-1.062833593148929,-0.499272011221558,-0.6643537571504834,0.44024789313311563,2.61777894143733
-0.16860409456836786,1.108172420338143,-0.499272011221558,-0.5896172418180112,-0.6594111765757125,0.05716843743754974
0.04066419836676612,0.10437394098390536,-0.499272011221558,0.08301139617423876,-0.05959713855271532,-0.4045809977099516
-0.1920698406511678,-0.012346812429378073,0.10973011235638633,-0.4894703112724984,-0.8513516687430716,2.6664725182347024
-0.19149281410814814,-0.4792298260825118,-0.2962713033622432,0.008274880841766542,-0.6594111765757125,-0.3139101995355333
-0.19187749847016125,0.5479128039543825,-0.499272011221558,-0.6643537571504834,-0.5594421702385463,-0.45327457450732433
-0.1920698406511678,-0.4792298260825118,-0.499272011221558,-0.6643537571504834,-0.8423544581727266,-0.7890923455236889
0.5772988833750601,-1.062833593148929,-0.499272011221558,-0.2159346651556501,1.3399689501676113,-0.761387379414839
-0.1920698406511678,-1.062833593148929,-0.499272011221558,-0.4894703112724984,-0.6424164454983942,-0.06876322669358699
-0.1920698406511678,0.22693073206785297,-0.499272011221558,-0.5896172418180112,-0.5594421702385463,0.42824707441063276
-0.19187749847016125,0.804698461463606,-0.09327059550292845,-0.3654076958205945,-0.9263284234959461,-1.3070912573164315
-0.1920698406511678,-0.08237926447734814,-0.499272011221558,-0.6150276570310518,-0.6924009486669773,0.806042066804043
-0.1920698406511678,1.1548607217034563,-0.499272011221558,-0.6523959146972879,-0.9263284234959461,-1.0132507076771124
-0.1920698406511678,-0.3625090726692284,-0.499272011221558,-0.6150276570310518,-0.3595041575642139,0.07144069270574538
-0.1920698406511678,-0.12906756584266152,-0.499272011221558,-0.6643537571504834,-0.01761015589110553,0.4349634298309599
-0.1920698406511678,-0.4792298260825118,-0.499272011221558,0.9798495801639053,0.14034087412161705,-0.11074044807063256
0.6173060570244239,-0.4792298260825118,-0.499272011221558,-0.6389433419374428,-0.45947316390138004,-0.7126938026174663
-0.1920698406511678,-0.4792298260825118,-0.499272011221558,-0.6643537571504834,-0.8513516687430716,-0.3978646422896244
-0.1920698406511678,0.10437394098390536,-0.499272011221558,-0.5776593993648156,-0.8923389613413096,-1.2298531699826676
0.05797499465735625,0.804698461463606,-0.09327059550292845,-0.6150276570310518,-0.5594421702385463,-0.6001948493269839
-0.17052751637843344,0.9914516669248595,-0.2962713033622432,3.4835228438017247,-0.7093956797442955,0.945406441775834
0.0002723403553891588,0.2210946943971888,-0.499272011221558,-0.6150276570310518,0.27329965255004807,-0.7403987687263162
-0.1920698406511678,1.2715814751167398,-0.499272011221558,-0.6150276570310518,-0.6174241939141026,0.6591217919843835
-0.1889923657550629,-0.9461128397356455,-0.499272011221558,0.2324844268391832,1.3399689501676113,-0.6707165812404207
-0.1916851562891547,-0.29247662062125834,-0.499272011221558,-0.44014421115306673,-0.8093646860814617,-0.8520581775892573
-0.1920698406511678,0.5712569546370391,-0.499272011221558,1.4282686721587385,-0.45947316390138004,0.1201342695031181
0.021429980266110427,-0.24578831925594494,-0.499272011221558,-0.6643537571504834,1.6398759691791098,-0.43984186366667005
-0.1920698406511678,0.33781544781047224,-0.499272011221558,-0.3654076958205945,-0.04260240747539708,1.127587582552212
-0.1920698406511678,-0.4792298260825118,-0.499272011221558,-0.6269854994842473,-0.6514136560687391,-0.44655821908699717
0.0010417090794153866,0.45453620122375565,-0.499272011221558,-0.6523959146972879,-0.8423544581727266,-0.285365688999142
-0.1920698406511678,0.45453620122375565,-0.499272011221558,-0.3654076958205945,-0.8593491892500448,-0.9015912988141713
-0.13705997688329252,-1.062833593148929,-0.499272011221558,-0.6269854994842473,1.9397829881906083,-0.24338846762209645
-0.1920698406511678,0.33781544781047224,-0.499272011221558,-0.06646163449070568,-0.7923699550041435,-0.9150240096548257
0.6734699738783385,1.5050229819433065,-0.499272011221558,-0.6269854994842473,-0.6924009486669773,0.2393495782139277
-0.1920698406511678,1.3883022285300233,-0.499272011221558,0.531430488169072,-0.9093336924186279,0.16882784630049083
-0.1920698406511678,-0.23995228158528079,-0.499272011221558,0.008274880841766542,0.04037186778445087,0.9739509523122253
-0.1920698406511678,-0.12906756584266152,-0.499272011221558,-0.6150276570310518,0.44024789313311563,-0.7471151241466434
-0.10436180611217784,0.10437394098390536,-0.499272011221558,0.6809035188340165,-0.45947316390138004,-0.6077507491748523
-0.19130047192714159,-1.062833593148929,-0.499272011221558,0.8303765494989609,-0.10958164172129842,2.12076864033311
0.04104888272877923,-0.4792298260825118,-0.499272011221558,-0.19052424994260955,1.3319714296606382,-0.7966482453715574
-0.1920698406511678,-0.7126713329090787,-0.499272011221558,-0.2159346651556501,0.14034087412161705,0.20408871225720926
-0.1791829145237285,-0.3625090726692284,-0.499272011221558,-0.5029228840323434,-0.6594111765757125,-0.7546710239945118
-0.1920698406511678,-1.062833593148929,-0.499272011221558,-0.514880726485539,-0.959318195587211,-0.87304678827778
-0.1920698406511678,-0.024018887770706418,-0.499272011221558,-0.6643537571504834,1.9567777192679268,-0.41129735313027876
-0.1920698406511678,-1.062833593148929,-0.499272011221558,-0.6389433419374428,-0.9253287334325745,-0.7261265134581206
-0.1920698406511678,2.438789009249574,-0.499272011221558,-0.3654076958205945,0.44024789313311563,-1.376773444802327
-0.1920698406511678,2.1469871257163655,-0.499272011221558,-0.6015750842712068,0.04037186778445087,0.701099013361429
-0.1920698406511678,3.1391135297292747,-0.499272011221558,-0.5896172418180112,1.5399069628419437,-0.3483315210647104
-0.19187749847016125,-0.3625090726692284,-0.499272011221558,-0.3654076958205945,-0.8513516687430716,-0.5724898832181339
-0.1545631153548892,-1.062833593148929,-0.499272011221558,-0.5896172418180112,-0.7093956797442955,0.806042066804043
-0.1920698406511678,-1.062833593148929,-0.499272011221558,-0.5029228840323434,-0.6344189249914209,0.12685062492344526
-0.19187749847016125,-0.315820771303915,-0.499272011221558,-0.6523959146972879,-0.5514446497315729,-0.146001314027351
-0.17533607090359735,-0.3625090726692284,-0.499272011221558,-0.6269854994842473,-0.8423544581727266,-0.6707165812404207
-0.18880002357405634,-1.062833593148929,-0.499272011221558,-0.2906711804881223,1.5399069628419437,-0.45327457450732433
-0.1920698406511678,0.6879777080503225,-0.499272011221558,-0.6389433419374428,-0.5424474391612281,-0.047774616005064205
-0.15667887934596134,-0.24578831925594494,-0.499272011221558,-0.5776593993648156,0.05736659886176911,-0.9083076542344986
-0.16514193531024984,0.2210946943971888,-0.499272011221558,-0.5776593993648156,-0.8843414408343364,-0.22239985693357367
-0.1920698406511678,-0.6368028431904444,-0.499272011221558,0.25789484205222374,0.3402788867959494,1.708552326410523
-0.1920698406511678,-0.12906756584266152,-0.499272011221558,-0.44014421115306673,-0.8923389613413096,-0.7471151241466434
-0.1920698406511678,1.7384644887698733,-0.499272011221558,-0.339997280607554,0.05736659886176911,0.20408871225720926
-0.1920698406511678,-1.062833593148929,-0.499272011221558,-0.6643537571504834,0.24030988045878324,3.184471430027445
-0.1916851562891547,10.609241748179416,-0.2962713033622432,-0.3654076958205945,-0.8263594171587799,-1.0065343522567853
-0.19091578756512848,-1.062833593148929,-0.2962713033622432,-0.6389433419374428,-0.3345119059799223,-1.3070912573164315
-0.19053110320311537,-0.12906756584266152,0.3127308202157011,-0.5642068266049707,-0.9093336924186279,-1.2164204591420131
-0.16398788222421048,-0.03569096311203476,0.5157315280750159,-0.6643537571504834,-0.39249392965547875,-0.026786005316541413
-0.18783831266902357,-1.062833593148929,-0.2962713033622432,-0.2906711804881223,-0.3595041575642139,-0.5372290172614155
-0.1920698406511678,-0.22244416857328825,-0.499272011221558,-0.6389433419374428,-0.8013671655744884,-0.7471151241466434
-0.1920698406511678,0.6879777080503225,-0.499272011221558,-0.6643537571504834,-0.6594111765757125,0.7565089455791288
-0.18149102069580716,0.5712569546370391,-0.499272011221558,-0.6269854994842473,-0.8673467097570181,-0.7823759901033618
-0.1920698406511678,0.5712569546370391,-0.499272011221558,0.3072209421716554,-0.7093956797442955,-0.7823759901033618
-0.1786058879807088,0.10437394098390536,-0.499272011221558,-0.6269854994842473,-0.9343259440029195,-0.761387379414839
-0.19187749847016125,-0.2691324699386016,-0.499272011221558,-0.5029228840323434,-0.6014291529001561,-0.6707165812404207
-0.09589875014788933,0.2502748827505097,-0.09327059550292845,-0.552248984151775,-0.8183618966518067,0.5751673492302923
-0.1805293097907744,-0.012346812429378073,-0.499272011221558,-0.6643537571504834,-0.45147564339440677,-0.41885325297814724
-0.1920698406511678,0.16273431769054708,-0.499272011221558,-0.3654076958205945,-0.45947316390138004,0.2880431550113004
-0.19072344538412192,-0.4325415247171984,-0.499272011221558,-0.2159346651556501,-0.7423854518355604,-0.9360126203433484
-0.1920698406511678,0.10437394098390536,-0.499272011221558,-0.14119814982317788,-0.7093956797442955,-0.18042263555652807
-0.1920698406511678,-0.4792298260825118,-0.499272011221558,-0.31608159570116284,-0.7923699550041435,-0.45327457450732433
-0.1920698406511678,-0.3625090726692284,-0.499272011221558,-0.2159346651556501,-0.5264523981472814,0.1763837461483593
-0.1920698406511678,-0.4208694493758701,-0.499272011221558,-0.5896172418180112,-0.7093956797442955,-0.5867621384863295
-0.18245273160083997,-0.012346812429378073,-0.499272011221558,-0.5896172418180112,-0.5514446497315729,-0.3273429103761876
-0.19110812974613503,-0.3625090726692284,-0.499272011221558,-0.6523959146972879,-0.7923699550041435,0.4979292618965283
-0.19149281410814814,0.10437394098390536,-0.499272011221558,-0.5776593993648156,-0.5014601465629899,1.4776776088367722
-0.1920698406511678,-0.012346812429378073,-0.499272011221558,-0.6389433419374428,-0.8923389613413096,0.16882784630049083
-0.19130047192714159,-0.012346812429378073,-0.499272011221558,-0.2159346651556501,-0.3595041575642139,1.7009964265626543
0.011428186853769463,-0.12906756584266152,-0.499272011221558,-0.6150276570310518,-0.32651438547294903,-0.7261265134581206
-0.1920698406511678,1.0147958176075162,-0.499272011221558,-0.6389433419374428,-0.6514136560687391,-0.8176368560600802
-0.1920698406511678,0.10437394098390536,-0.499272011221558,-0.514880726485539,-0.7593801829128787,-0.5305126618410884
-0.1920698406511678,0.804698461463606,-0.499272011221558,0.057600980961198214,-0.41748618123977027,2.2676889151527697
-0.19187749847016125,-0.8002118979690412,0.3127308202157011,-0.6643537571504834,-0.959318195587211,-1.055227929054158
-0.0441587034571255,0.9797795915835311,0.10973011235638633,-0.6643537571504834,-0.8423544581727266,-1.0065343522567853
-0.18687660176399076,-0.7009992575677504,-0.499272011221558,-0.6643537571504834,-0.9263284234959461,1.826928090693791
-0.13436718634920072,-0.5259181274478252,-0.2962713033622432,-0.6643537571504834,-0.7093956797442955,-0.3693201317532332
-0.19149281410814814,-0.04736303845336311,-0.09327059550292845,-0.552248984151775,-0.7843724344971702,-0.4742631851958471
-0.1920698406511678,-1.062833593148929,1.7337357752309046,-0.3654076958205945,-0.959318195587211,-0.7126938026174663
-0.19187749847016125,-0.963620952747638,-0.09327059550292845,-0.6643537571504834,0.04037186778445087,0.6725545028250377
-0.1920698406511678,-0.5959505794957952,-0.499272011221558,-0.6269854994842473,-0.41748618123977027,-0.08303548196178263
-0.18437615341090552,-0.12906756584266152,-0.499272011221558,-0.6523959146972879,-0.3595041575642139,-1.2021482038738176
-0.1920698406511678,-0.5609343534718102,-0.499272011221558,-0.6643537571504834,-0.959318195587211,-1.1668873379170992
-0.1920698406511678,-0.29247662062125834,-0.499272011221558,-0.6150276570310518,-0.9343259440029195,-1.265114035939386
-0.19187749847016125,0.9214192148768894,-0.499272011221558,-0.6643537571504834,-0.6264214044844476,-0.35588742091257886
-0.18841533921204323,-0.5025739767651685,-0.2962713033622432,-0.6643537571504834,-0.734387931328587,-0.026786005316541413
-0.1920698406511678,-1.062833593148929,-0.499272011221558,-0.514880726485539,0.44024789313311563,-0.9712734863000669
-0.13128971145309581,-1.062833593148929,-0.499272011221558,-0.2159346651556501,-0.6344189249914209,0.6658381474047106
-0.18245273160083997,1.5867275093326048,-0.499272011221558,0.38195745750412763,-0.10958164172129842,0.4139748191424371
-0.1920698406511678,0.6879777080503225,-0.499272011221558,-0.5896172418180112,-0.8263594171587799,-0.15271766944767814
-0.12475007729887287,-1.062833593148929,-0.499272011221558,0.45669397283659985,-0.6594111765757125,1.7505295477875684
0.4911295862841225,0.804698461463606,-0.499272011221558,-0.6389433419374428,2.6645582841350635,0.3862698530335872
-0.1920698406511678,0.33781544781047224,-0.499272011221558,-0.6523959146972879,-0.8093646860814617,-0.1594340248680053
-0.059930762299663175,0.16273431769054708,-0.499272011221558,0.8303765494989609,0.14034087412161705,0.3862698530335872
-0.1920698406511678,-0.12906756584266152,-0.499272011221558,-0.2159346651556501,-0.9013361719116546,-0.4952517958843699
-0.1920698406511678,-0.3625090726692284,-0.499272011221558,-0.6643537571504834,-0.4764678949786983,-0.5934784939066567
0.18299741231161828,0.41951997519977063,0.3127308202157011,-0.6389433419374428,-0.7843724344971702,-0.6287393598633751
-0.1920698406511678,1.0381399682901729,-0.499272011221558,-0.6269854994842473,-0.8593491892500448,-0.8100809562122118
-0.1886076813930498,0.10437394098390536,1.5307350673715898,-0.6643537571504834,-0.9013361719116546,0.4206911745627643
-0.1818757050578203,0.10437394098390536,-0.2962713033622432,-0.6643537571504834,-0.5924319423298111,-0.7194101580377934
-0.19014641884110223,0.5712569546370391,-0.2962713033622432,0.16970575395990653,-0.3595041575642139,-0.3348988102240561
-0.18418381122989896,-0.12906756584266152,-0.09327059550292845,0.08301139617423876,-0.34250942648689564,-0.04105826058473705
-0.18572254867795143,-1.062833593148929,0.10973011235638633,-0.6523959146972879,-0.684403428160004,-0.09646819280243693
-0.1920698406511678,-0.012346812429378073,-0.499272011221558,-0.44014421115306673,-0.4924629359926449,-0.7966482453715574
-0.1920698406511678,-0.3625090726692284,-0.499272011221558,-0.5402911416985795,-0.14257141381256327,-1.2793862912075815
-0.19110812974613503,0.804698461463606,-0.499272011221558,-0.6389433419374428,1.372958722258876,-0.8100809562122118
-0.1728356225505121,-0.24578831925594494,-0.499272011221558,-0.6523959146972879,-0.13457389330558997,-0.8806026881256486
-0.1728356225505121,-0.7126713329090787,-0.499272011221558,-0.6269854994842473,0.3402788867959494,-1.1878759486056218
0.0002723403553891588,1.0381399682901729,-0.499272011221558,-0.3654076958205945,-0.1595661448898815,-1.0409556737859624
-0.1836067846868793,-1.062833593148929,-0.499272011221558,-0.6269854994842473,-0.8763439203273631,-0.9150240096548257
-0.1920698406511678,-0.5959505794957952,-0.499272011221558,-0.44014421115306673,-0.5594421702385463,-0.4045809977099516
-0.19110812974613503,0.2210946943971888,-0.499272011221558,-0.6389433419374428,-0.7923699550041435,-0.6707165812404207
-0.1920698406511678,0.10437394098390536,-0.499272011221558,2.3251068561484054,-0.45947316390138004,0.6381331812958606
-0.1920698406511678,-1.062833593148929,-0.499272011221558,-0.5402911416985795,1.3399689501676113,-0.7403987687263162
-0.1920698406511678,-0.5959505794957952,-0.499272011221558,-0.6389433419374428,-0.41748618123977027,-0.4255696083984744
-0.18533786431593832,0.33781544781047224,0.7187322359343307,-0.6150276570310518,-0.8593491892500448,-1.2298531699826676
-0.17668246617064326,0.5712569546370391,-0.2962713033622432,-0.5402911416985795,-0.32651438547294903,-0.6774329366607479
-0.19014641884110223,-1.062833593148929,1.5307350673715898,-0.14119814982317788,0.9400929248189466,-1.1954318484534905
-0.19091578756512848,-0.315820771303915,-0.09327059550292845,-0.6523959146972879,-0.8763439203273631,-0.656444325972225
-0.1920698406511678,-0.8994245383703322,-0.499272011221558,-0.31608159570116284,-0.743385141898932,0.2603381889024505
-0.12455773511786632,-1.062833593148929,-0.09327059550292845,-0.6523959146972879,2.839504045225104,3.631948609906751
0.2118487394626018,0.19775054371453213,-0.499272011221558,-0.6389433419374428,-0.9343259440029195,-0.285365688999142
-0.10070730467305325,-0.3625090726692284,-0.499272011221558,-0.6523959146972879,1.7068552034250113,-0.5934784939066567
-0.19187749847016125,-0.012346812429378073,-0.499272011221558,-0.6643537571504834,-0.2515376307200744,-1.0695001843223537
-0.1920698406511678,0.4720443142357482,-0.499272011221558,-0.6269854994842473,-0.7593801829128787,1.155292548661062
-0.020500615193318993,0.8805669511822403,-0.2962713033622432,0.15774791150671097,-0.8093646860814617,1.316485078748917
0.19261452136194612,1.9719059955964402,-0.09327059550292845,0.7182717765002526,-0.7843724344971702,-0.6211834600155066
0.6940505872460401,0.33781544781047224,2.3427378988088488,1.2787956414937942,0.9400929248189466,0.6448495367161878
-0.1920698406511678,0.9214192148768894,-0.499272011221558,1.1293226108288499,1.4069481844135128,-0.9292962649230213
-0.1920698406511678,0.33781544781047224,-0.499272011221558,0.2324844268391832,-0.07659186963003356,-1.0695001843223537
0.23223701064929683,-0.3625090726692284,-0.499272011221558,-0.2159346651556501,0.9400929248189466,-1.0409556737859624
0.9350553400472561,-0.12906756584266152,-0.499272011221558,-0.353449853367399,-0.7843724344971702,-0.5515012725296111
-0.1866842595829842,-0.8293920863223622,0.10973011235638633,-0.16660856503621843,0.8901084216503634,-0.9570012310318713
-0.1920698406511678,0.7580101600982926,0.5157315280750159,-0.22789250760884566,-0.8593491892500448,-0.48853544046404274
0.07547813312895293,0.10437394098390536,0.10973011235638633,-0.178566407489414,0.44024789313311563,-0.9360126203433484
-0.1920698406511678,-1.062833593148929,1.5307350673715898,0.38195745750412763,0.04037186778445087,0.6238609260276651
-0.1728356225505121,0.29112714644515886,-0.2962713033622432,-0.6643537571504834,-0.9263284234959461,2.729438350300271
-0.19072344538412192,1.3883022285300233,-0.09327059550292845,0.7556400341664887,0.06536411936874241,-0.2786493335788149
-0.1920698406511678,1.1023363826674788,-0.2962713033622432,-0.339997280607554,-0.2095506480584646,-0.23667211220176929
0.7696410643816171,-1.062833593148929,2.7487393145274783,1.4282686721587385,2.9394730515622705,-0.020069649896214264
-0.07839561167629264,-0.5492622781304819,-0.09327059550292845,-0.44014421115306673,0.8401239184817804,-1.061944284474485
-0.09589875014788933,-1.062833593148929,3.357741438105423,-0.11578773461013735,-0.3595041575642139,-0.5724898832181339
-0.18841533921204323,0.2210946943971888,-0.2962713033622432,-0.06646163449070568,1.4399379565047774,-0.07547958211391415
-0.13436718634920072,-0.5959505794957952,-0.2962713033622432,0.008274880841766542,-0.0016151148771589234,-0.8873190435459757
0.0002723403553891588,-0.3625090726692284,-0.09327059550292845,-0.14119814982317788,-0.1595661448898815,-1.4959887535131366
-0.00742134688487312,-0.4792298260825118,-0.499272011221558,-0.6643537571504834,-0.1595661448898815,1.2115420253063032
-0.1920698406511678,-1.062833593148929,-0.499272011221558,0.08301139617423876,-0.959318195587211,1.0713381059069707
-0.1920698406511678,-1.062833593148929,-0.499272011221558,-0.6643537571504834,1.0320644106491397,-0.9502848756115441
-0.1920698406511678,-1.062833593148929,-0.499272011221558,0.1084218113872793,-0.45147564339440677,-0.7471151241466434
-0.17302796473151866,-1.062833593148929,0.3127308202157011,0.531430488169072,0.04037186778445087,2.4641423111973433
-0.0593537357566435,0.9914516669248595,0.5157315280750159,-0.14119814982317788,-0.8093646860814617,-1.3003749018961044
-0.1920698406511678,-0.5959505794957952,0.3127308202157011,-0.4894703112724984,-0.8843414408343364,-0.285365688999142
-0.1920698406511678,1.7384644887698733,0.5157315280750159,-0.6269854994842473,-0.6174241939141026,0.6381331812958606
-0.14706177029563347,-0.12906756584266152,-0.2962713033622432,-0.2159346651556501,0.5402168994702818,-0.9360126203433484
-0.09589875014788933,-0.485065863753176,0.5157315280750159,0.008274880841766542,0.09835389146000727,-0.13172905875915536
-0.038196095845922234,0.45453620122375565,-0.2962713033622432,-0.27871333803492676,-0.3595041575642139,-0.733682413305989
-0.0016510814546764109,-0.5959505794957952,1.5307350673715898,-0.14119814982317788,0.7401549121446142,-0.761387379414839
-0.1920698406511678,1.5050229819433065,-0.499272011221558,0.057600980961198214,-0.6264214044844476,-0.25094436746996496
-0.1920698406511678,-0.24578831925594494,-0.499272011221558,0.08301139617423876,-0.6594111765757125,1.1418598378204077
-0.1920698406511678,-0.12906756584266152,-0.499272011221558,-0.6015750842712068,-0.6094266734071293,0.8404633883332201
0.23050593102023784,0.40784789985844233,-0.499272011221558,-0.3654076958205945,-0.8923389613413096,2.141757251021633
-0.18245273160083997,-0.4792298260825118,0.10973011235638633,1.3535321568262664,0.45624293414706224,2.0300978421586917
-0.17475904436057768,3.3725550365558417,-0.2962713033622432,-0.6015750842712068,4.081119103932708,0.9806673077325524
-0.19187749847016125,1.0381399682901729,-0.499272011221558,0.15774791150671097,-0.5424474391612281,-0.5237963064207611
-0.1920698406511678,1.2715814751167398,-0.499272011221558,-0.14119814982317788,-0.8253597270954083,-0.5867621384863295
-0.1920698406511678,2.205347502423007,-0.499272011221558,-0.44014421115306673,-0.5094576670699632,0.9739509523122253
-0.19187749847016125,-0.30414869596258665,-0.499272011221558,-0.6643537571504834,-0.7923699550041435,0.7850534561155201
-0.1920698406511678,1.9894141086084327,-0.499272011221558,1.577741702823683,-0.45947316390138004,0.021907571480831313
-0.1920698406511678,0.804698461463606,-0.499272011221558,-0.6643537571504834,-0.6424164454983942,0.19737235683688212
-0.1920698406511678,-0.5959505794957952,-0.499272011221558,-0.6643537571504834,-0.7093956797442955,-0.5582176279499382
-0.1920698406511678,2.9056720229027078,-0.499272011221558,0.45669397283659985,-0.32651438547294903,0.3090317656998232
-0.1920698406511678,-0.111559452830669,-0.499272011221558,-0.5896172418180112,-0.6094266734071293,0.22507732294573204
-0.12667349910893844,-1.062833593148929,-0.499272011221558,-0.5029228840323434,0.14034087412161705,4.086981689633925
-0.18822299703103668,-0.4792298260825118,-0.499272011221558,-0.06646163449070568,-0.6594111765757125,-1.0199670630974396
-0.15360140444985643,-1.062833593148929,-0.499272011221558,-0.3654076958205945,-0.3595041575642139,0.9386900863555069
-0.1920698406511678,-0.24578831925594494,-0.499272011221558,-0.4147337959400262,1.0400619311561128,-0.9989784524089168
-0.1920698406511678,0.10437394098390536,-0.499272011221558,-0.31608159570116284,-0.2015531275514913,0.3997025638742415
-0.1866842595829842,-0.29247662062125834,1.5307350673715898,-0.514880726485539,-0.7513826624059053,-0.12501270333882822
-0.1920698406511678,-1.062833593148929,-0.499272011221558,-0.2159346651556501,1.2399999438304452,1.0646217504866435
-0.12532710384189255,0.15106224234921875,0.7187322359343307,0.12037965384047486,-0.8673467097570181,-0.6707165812404207
-0.12917394746202368,0.10437394098390536,0.7187322359343307,-0.10382989215694179,-0.6594111765757125,-0.6421720707040294
0.5909551782265255,0.9214192148768894,0.9217329437936455,-0.44014421115306673,-0.7593801829128787,0.13440652477131373
-0.1920698406511678,-0.4208694493758701,-0.499272011221558,4.118783224127738,1.4399379565047774,1.4071558769233354
-0.1711045429214531,-1.062833593148929,-0.2962713033622432,3.1472085248055994,3.4973001069236576,3.793141139994606
0.04816554342602184,-1.062833593148929,1.7337357752309046,-0.6643537571504834,1.0400619311561128,1.6590192051856087
-0.16629598839628917,-1.062833593148929,1.327734359512275,0.9424813224976692,2.0397519945277747,0.26705454432277764
0.06643805062164476,1.1723688347154488,2.3427378988088488,0.531430488169072,-0.29252492331831254,0.5886000600709466
-0.130328000548063,-1.062833593148929,0.3127308202157011,-0.44014421115306673,1.2899844469990283,-0.7681037348351661
-0.009729453056951803,0.2210946943971888,0.7187322359343307,-0.6015750842712068,-0.8753442302639914,0.8690078988696114
-0.1920698406511678,0.8630588381702478,-0.09327059550292845,1.577741702823683,-0.05959713855271532,-0.1669899247158738
0.2078095536614641,-0.3625090726692284,2.7487393145274783,-0.339997280607554,-0.6674086970826858,0.05045208201722259
0.38495670236850305,-1.062833593148929,-0.499272011221558,-0.6523959146972879,-0.9513206750802377,1.6665751050334774
0.266473918868464,-0.24578831925594494,0.9217329437936455,0.020232723294962108,-0.5014601465629899,-0.733682413305989
-0.10397712175016471,1.2715814751167398,0.7187322359343307,0.38195745750412763,1.5059175006873071,-0.5515012725296111
0.826959034321571,-1.062833593148929,-0.499272011221558,-0.2906711804881223,-0.734387931328587,-0.4045809977099516
-0.15360140444985643,1.3999743038713515,-0.499272011221558,-0.24134508036869065,-0.6594111765757125,-0.6917051919289435
-0.1920698406511678,-0.3625090726692284,-0.499272011221558,-0.19052424994260955,1.506917190750679,-0.6001948493269839
-0.1920698406511678,-0.5259181274478252,-0.499272011221558,3.1472085248055994,0.04836938829142417,0.8899965095581341
-0.1920698406511678,-0.4792298260825118,-0.499272011221558,-0.6523959146972879,-0.3595041575642139,-0.9015912988141713
-0.13744466124530563,0.6296173313436808,1.7337357752309046,-0.029093376824469566,1.3399689501676113,-0.7126938026174663
-0.1920698406511678,1.0381399682901729,-0.499272011221558,-0.40277595348683065,-0.3844964091485054,-0.5372290172614155
-0.16091040732810558,0.6879777080503225,1.1247336516529602,-0.552248984151775,-0.8843414408343364,0.9663950524643568
0.11240783188221187,-1.062833593148929,0.3127308202157011,-0.44014421115306673,-0.7763749139901969,0.3510089870768688
-0.1809139941527875,-0.7126713329090787,0.5157315280750159,-0.14119814982317788,-0.409488660732797,2.344927002486534
-0.19187749847016125,-0.12906756584266152,1.1247336516529602,-0.339997280607554,-0.3595041575642139,-0.8873190435459757
-0.18072165197178094,3.839438050208975,-0.2962713033622432,-0.6523959146972879,-0.8513516687430716,-0.8100809562122118
0.07720921275801194,-1.062833593148929,1.7337357752309046,-0.6643537571504834,1.8398139818534422,2.8209486929022307
0.08971145452343815,-0.7710317096157204,0.3127308202157011,-0.3654076958205945,1.0400619311561128,-0.943568520191217
1.346667607401288,1.4583346805779933,-0.2962713033622432,0.3072209421716554,-0.9263284234959461,0.05716843743754974
-0.08820506290762704,-0.8760803876876755,1.7337357752309046,-0.14119814982317788,-0.8593491892500448,-0.11745680349095972
-0.1920698406511678,-1.062833593148929,0.10973011235638633,-0.3654076958205945,0.24030988045878324,-0.5372290172614155
0.7119384100796499,0.022669413594606957,1.5307350673715898,-0.2159346651556501,-0.6344189249914209,0.6381331812958606
0.018929531913025186,-0.4325415247171984,0.5157315280750159,-0.27871333803492676,0.24030988045878324,0.6305772814479922
0.4407359348604046,0.705485821062315,1.1247336516529602,-0.2652607652750818,-0.7933696450675152,0.008474860640177013
-0.1920698406511678,2.205347502423007,-0.2962713033622432,-0.6523959146972879,-0.9513206750802377,0.7917698115358474
-0.1920698406511678,0.2502748827505097,-0.499272011221558,-0.6269854994842473,-0.10958164172129842,1.421428132191531
-0.1920698406511678,-0.16408379186664654,-0.499272011221558,0.9051130648314332,0.8401239184817804,0.09242930339426816
2.3491550548074627,-1.062833593148929,-0.499272011221558,-0.6643537571504834,2.0397519945277747,-0.29292158884701053
-0.1920698406511678,-1.062833593148929,-0.499272011221558,-0.6643537571504834,2.5895815293821887,3.5135728456234827
0.0002723403553891588,-1.062833593148929,1.327734359512275,4.567202316122572,3.0394420578994366,2.729438350300271
-0.1920698406511678,-1.062833593148929,1.327734359512275,1.876687764153572,2.0397519945277747,1.6800078158741316
0.9190909390237119,-0.12906756584266152,0.5157315280750159,-0.3654076958205945,-0.6094266734071293,-0.41129735313027876
0.7934914948264301,-0.5025739767651685,0.9217329437936455,-0.5776593993648156,-0.8433541482360982,-0.5237963064207611
0.03874077655670055,0.8630588381702478,1.1247336516529602,0.26985268450541927,0.3402788867959494,-0.11745680349095972
-0.16321851350018426,0.7580101600982926,0.10973011235638633,0.6061670035015443,-0.8093646860814617,-0.38359238702142884
-0.19091578756512848,0.6296173313436808,-0.499272011221558,-0.6389433419374428,0.09035637095303396,0.2183609675254049
-0.1920698406511678,0.5712569546370391,-0.499272011221558,-0.6389433419374428,-0.9173312129256013,0.5961559599188151
-0.187645970488017,0.973943553912867,-0.499272011221558,-0.5896172418180112,-0.8093646860814617,-0.48853544046404274
0.6078812901551026,1.248237324434083,1.1247336516529602,0.04564313850800265,-0.3595041575642139,1.2182583807266303
-0.015499718487148513,-0.5959505794957952,0.10973011235638633,0.08301139617423876,0.24030988045878324,-0.8453418221689302
-0.04435104563813206,0.33781544781047224,-0.2962713033622432,-0.3654076958205945,-0.9343259440029195,-0.9645571308797397
0.38495670236850305,0.10437394098390536,1.7337357752309046,-0.06646163449070568,-0.4764678949786983,-0.9292962649230213
-0.09589875014788933,1.1548607217034563,0.3127308202157011,-0.5029228840323434,-0.8673467097570181,-0.17370628013620093
-0.19187749847016125,-0.18742794254930323,-0.499272011221558,-0.6643537571504834,-0.6094266734071293,0.8967128649784613
-0.1920698406511678,0.24443884507984548,-0.499272011221558,-0.5896172418180112,-0.7093956797442955,-0.146001314027351
-0.1920698406511678,0.10437394098390536,-0.499272011221558,-0.6269854994842473,-0.9093336924186279,-0.9645571308797397
-0.1920698406511678,-0.012346812429378073,-0.499272011221558,-0.6389433419374428,-0.8423544581727266,-0.684149292081075
-0.1920698406511678,0.5712569546370391,-0.499272011221558,-0.2906711804881223,-0.6094266734071293,-0.1669899247158738
-0.1920698406511678,-1.062833593148929,-0.499272011221558,-0.6523959146972879,-0.9513206750802377,-1.2928190020482357
-0.1920698406511678,0.29112714644515886,-0.499272011221558,-0.514880726485539,-0.2595351512270477,0.06388479285787689
-0.1920698406511678,1.9719059955964402,-0.499272011221558,-0.6389433419374428,-0.12657637279861667,1.3651786555462897
-0.19130047192714159,-0.24578831925594494,-0.499272011221558,-0.6269854994842473,-0.7093956797442955,-0.9712734863000669
-0.19187749847016125,1.0906643073261504,-0.09327059550292845,0.8557869647120014,-0.3095196543956308,-0.3348988102240561
-0.1376370034263122,1.3883022285300233,-0.2962713033622432,-0.5776593993648156,-0.8013671655744884,-0.8033646007918845
-0.19072344538412192,0.10437394098390536,-0.09327059550292845,-0.4894703112724984,1.2230052127531268,-1.0275229629453082
-0.1920698406511678,-0.12906756584266152,-0.499272011221558,-0.6269854994842473,-0.07659186963003356,0.5676114493824238
-0.17129688510245966,1.2715814751167398,-0.09327059550292845,-0.5896172418180112,-0.7093956797442955,-0.18042263555652807
-0.1903387610221088,1.2715814751167398,-0.2962713033622432,-0.19052424994260955,-0.8093646860814617,-0.7471151241466434
-0.19187749847016125,-0.12906756584266152,-0.09327059550292845,-0.6643537571504834,1.8398139818534422,0.05716843743754974
-0.17899057234272195,1.62174373535659,-0.2962713033622432,-0.06646163449070568,-0.009612635384132226,-0.1669899247158738
-0.11994152277370895,-0.3625090726692284,-0.499272011221558,-0.6269854994842473,1.1230362064159605,-1.1039215058515308
-0.19014641884110223,-0.12906756584266152,-0.499272011221558,-0.6269854994842473,-0.5094576670699632,-0.7890923455236889
-0.1920698406511678,-1.062833593148929,-0.499272011221558,0.008274880841766542,-0.9263284234959461,-0.7471151241466434
-0.19187749847016125,-0.12906756584266152,-0.499272011221558,-0.4655546263661073,-0.959318195587211,-1.0695001843223537
-0.1920698406511678,-0.12906756584266152,-0.499272011221558,-0.4655546263661073,-0.8013671655744884,-0.838625466748603
-0.1920698406511678,-0.5959505794957952,-0.499272011221558,-0.041051219277665134,1.4399379565047774,-0.656444325972225
0.0002723403553891588,-1.062833593148929,-0.499272011221558,-0.6643537571504834,-0.45147564339440677,0.3787139531857187
-0.1920698406511678,0.2677829957625022,-0.499272011221558,-0.514880726485539,1.6398759691791098,-0.19469489082472372
-0.19110812974613503,0.2210946943971888,-0.499272011221558,-0.16660856503621843,-0.8263594171587799,-1.0065343522567853
-0.036465016216863225,-0.3625090726692284,-0.499272011221558,-0.5896172418180112,-0.7093956797442955,-0.7261265134581206
-0.17129688510245966,0.5245686532717257,-0.2962713033622432,-0.6269854994842473,-0.9013361719116546,-0.362603776332906
-0.1920698406511678,-0.6192947301784519,-0.499272011221558,-0.6643537571504834,-0.6594111765757125,0.6028723153391422
-0.1920698406511678,-0.3625090726692284,-0.499272011221558,-0.6643537571504834,-0.5264523981472814,0.07144069270574538
-0.19130047192714159,0.33781544781047224,-0.2962713033622432,-0.5896172418180112,-0.8173622065884351,-0.656444325972225
-0.07916498040031887,-0.12906756584266152,-0.09327059550292845,-0.3773655382737901,-0.4674706844083534,-1.1249101165400535
-0.1920698406511678,-0.30414869596258665,-0.499272011221558,-0.514880726485539,-0.8593491892500448,0.7850534561155201
-0.12475007729887287,-0.5959505794957952,-0.499272011221558,-0.4281863686998712,0.957087655896265,-1.0132507076771124
-0.1920698406511678,-0.4792298260825118,-0.499272011221558,-0.5896172418180112,-0.23454289964275615,-0.25094436746996496
-0.1920698406511678,0.2852911087744947,-0.499272011221558,-0.2159346651556501,-0.8093646860814617,0.33673673180867314
-0.15360140444985643,0.29112714644515886,-0.499272011221558,0.08301139617423876,-0.409488660732797,0.2183609675254049
-0.1649495931292433,0.10437394098390536,-0.499272011221558,0.38195745750412763,-0.5094576670699632,0.13440652477131373
-0.1920698406511678,0.804698461463606,-0.499272011221558,0.38195745750412763,-0.8093646860814617,0.0009189607923085234
-0.1920698406511678,-1.062833593148929,-0.499272011221558,0.2324844268391832,0.44024789313311563,1.7572459032078955
-0.1916851562891547,0.7405020470863001,-0.499272011221558,-0.5776593993648156,-0.8753442302639914,0.3862698530335872
-0.09570640796688276,-1.062833593148929,-0.499272011221558,-0.6150276570310518,-0.42648339181011524,0.48365700662833266
-0.12455773511786632,-1.062833593148929,-0.499272011221558,-0.6150276570310518,0.7401549121446142,-0.9015912988141713
-0.1920698406511678,-1.062833593148929,-0.499272011221558,-0.5896172418180112,0.8401239184817804,-0.6287393598633751
-0.1920698406511678,0.9214192148768894,-0.499272011221558,0.38195745750412763,-0.8923389613413096,-0.5028076957322384
-0.15360140444985643,-1.062833593148929,0.7187322359343307,-0.6643537571504834,-0.2095506480584646,0.30231541027949604
-0.1916851562891547,-0.4792298260825118,-0.499272011221558,-0.3654076958205945,-0.2095506480584646,1.3861672662348126
-0.16129509169011869,-1.062833593148929,-0.2962713033622432,-0.6269854994842473,0.5652091510545734,-1.321363512584627
-0.1920698406511678,-0.22244416857328825,-0.499272011221558,-0.5642068266049707,-0.8763439203273631,-0.761387379414839
-0.17899057234272195,-0.4792298260825118,-0.499272011221558,-0.514880726485539,1.3399689501676113,-0.8453418221689302
-0.18995407666009567,0.10437394098390536,-0.2962713033622432,-0.5402911416985795,-0.7933696450675152,-0.6707165812404207
-0.1920698406511678,-1.062833593148929,-0.499272011221558,-0.6643537571504834,0.04037186778445087,-0.8806026881256486
-0.18803065485003012,1.3649580778473664,-0.2962713033622432,0.020232723294962108,-0.3095196543956308,-0.4952517958843699
-0.11705639005861058,-1.062833593148929,-0.499272011221558,-0.5896172418180112,-0.6264214044844476,0.6171445706073379
-0.1886076813930498,-0.3625090726692284,-0.499272011221558,-0.3654076958205945,-0.8843414408343364,-1.3280798680049544
-0.16244914477615804,-0.8293920863223622,-0.2962713033622432,-0.5896172418180112,-0.2095506480584646,-0.25094436746996496
-0.1920698406511678,-1.062833593148929,-0.499272011221558,-0.6389433419374428,0.8401239184817804,-0.7823759901033618
-0.1920698406511678,0.19775054371453213,-0.499272011221558,-0.6150276570310518,-0.2595351512270477,-0.146001314027351
-0.1920698406511678,-0.12906756584266152,-0.499272011221558,-0.40277595348683065,-0.6594111765757125,-0.6774329366607479
-0.1920698406511678,-0.3625090726692284,-0.499272011221558,-0.2159346651556501,-0.1595661448898815,0.0428961821693541
-0.1920698406511678,-0.12906756584266152,-0.499272011221558,-0.6523959146972879,-0.6594111765757125,-0.04105826058473705
-0.1920698406511678,-1.062833593148929,-0.499272011221558,-0.6523959146972879,-0.9513206750802377,0.021907571480831313
-0.1920698406511678,-0.012346812429378073,-0.499272011221558,-0.5896172418180112,1.3899534533361944,-0.8243532114804074
-0.19110812974613503,-0.5959505794957952,-0.2962713033622432,-0.14119814982317788,-0.8513516687430716,-1.1458987272285763
-0.1920698406511678,0.40784789985844233,-0.499272011221558,-0.6389433419374428,-0.8593491892500448,-0.10402409265030542
-0.19187749847016125,-0.3625090726692284,-0.499272011221558,-0.2159346651556501,-0.5514446497315729,1.7009964265626543
-0.16321851350018426,1.6509239237099107,-0.499272011221558,0.9798495801639053,0.2073201083675184,1.30976872332859
-0.1916851562891547,-1.062833593148929,-0.499272011221558,-0.514880726485539,1.6068861970878452,-0.4818190850437156
-0.16956580547340064,0.33781544781047224,-0.499272011221558,-0.514880726485539,-0.7923699550041435,1.5683484070111904
-0.18880002357405634,0.431192050541099,-0.499272011221558,-0.06646163449070568,-0.5594421702385463,-0.17370628013620093
-0.14475366412355478,0.45453620122375565,-0.499272011221558,-0.6015750842712068,-0.45947316390138004,0.48365700662833266
-0.1464847437526138,0.33781544781047224,-0.499272011221558,-0.4655546263661073,-0.7513826624059053,0.8404633883332201
-0.19149281410814814,-0.30998473363325085,1.9367364830902194,-0.6389433419374428,1.1730207095845435,-0.08303548196178263
-0.19187749847016125,-0.4792298260825118,-0.2962713033622432,-0.6523959146972879,0.49023239630169874,-1.0199670630974396
-0.18245273160083997,-1.062833593148929,-0.499272011221558,-0.6643537571504834,1.0820489138177227,-1.1458987272285763
-0.1920698406511678,-1.062833593148929,-0.499272011221558,-0.6643537571504834,-0.7093956797442955,-0.9645571308797397
-0.12205728676478107,0.5712569546370391,-0.499272011221558,-0.5776593993648156,-0.9013361719116546,-1.0132507076771124
-0.08878208945064672,-0.03569096311203476,-0.499272011221558,0.2324844268391832,-0.7593801829128787,-0.3139101995355333
-0.1916851562891547,-0.24578831925594494,-0.499272011221558,-0.5642068266049707,-0.3015221338886575,-1.2164204591420131
-0.19149281410814814,0.33781544781047224,-0.499272011221558,-0.4894703112724984,-0.8093646860814617,0.40725846372211
-0.1920698406511678,1.2715814751167398,-0.499272011221558,0.38195745750412763,-0.3015221338886575,0.7565089455791288
-0.1920698406511678,0.45453620122375565,-0.499272011221558,-0.2906711804881223,1.0570566622334312,-0.8806026881256486
-0.11628702133458436,0.10437394098390536,-0.09327059550292845,-0.06646163449070568,-0.8093646860814617,-0.7471151241466434
-0.19187749847016125,0.10437394098390536,-0.2962713033622432,-0.06646163449070568,1.7398449755162761,-0.5305126618410884
-0.047813204896250086,0.5712569546370391,-0.499272011221558,-0.6523959146972879,-0.9183309029889729,-1.1458987272285763
-0.1920698406511678,-1.062833593148929,-0.499272011221558,1.813909091274295,-0.28452740281133926,0.2880431550113004
